ID	LABEL	Alternative LABEL	Type	linkml description	IAO definition	example of usage	examples	local_names	value	type_uri	see_also	required	recommended	pattern	multivalued	minimum_value	maximum_value	local_name_value	identifier	data_collection_state	created_on	comments	term editor	IAO:0000114	dc:date
ID	AL rdfs:label@en	AL IAO:0000118@en	TYPE	AL linkml:description@en	AL IAO:0000115@en	AL IAO:0000112@en	I examples SPLIT=|	I local_names SPLIT=|	AT value^^xsd:string	AT type_uri^^xsd:string	AT linkml:see_also^^xsd:anyURI	AT required^^xsd:boolean	AT recommended^^xsd:boolean	AT pattern^^xsd:string	AT multivalued^^xsd:boolean	I minimum_value	I maximum_value	AT local_name_value^^xsd:string	AT identifier^^xsd:boolean	AT data_collection_state^^xsd:string	AT created_on^^xsd:dateTime	AL linkml:comments@en	A IAO:0000117	A IAO:0000114	AT dc:date^^xsd:string
GENEPIO:0001456	amplicon pcr primer scheme	CanCOGeN:amplicon pcr primer scheme	DataHarmonizer field - sequencing	The specifications of the primers (primer sequences, binding positions, fragment size generated etc) used to generate the amplicons to be sequenced.						xsd:token											"2021-06-06T04:28:35Z"	Guidance: Provide the name and version of the primer scheme used to generate the amplicons for sequencing.		requires discussion	
GENEPIO:0001337	amplicon pcr primer scheme example	CanCOGeN:amplicon pcr primer scheme example	https://w3id.org/linkml/Example						"https://github.com/joshquick/artic-ncov2019/blob/master/primer_schemes/nCoV-2019/V3/nCoV-2019.tsv"															requires discussion	
GENEPIO:0001449	amplicon size	CanCOGeN:amplicon size	DataHarmonizer field - sequencing	The length of the amplicon generated by PCR amplification.			amplicon size example			xsd:token											"2021-06-06T04:10:22Z"	Guidance: Provide the amplicon size, including the units.		requires discussion	
GENEPIO:0001330	amplicon size example	CanCOGeN:amplicon size example	https://w3id.org/linkml/Example						"300bp"															requires discussion	
GENEPIO:0001211	anatomical material	CanCOGeN:anatomical material	DataHarmonizer field - sample collection and processing	A substance obtained from an anatomical part of an organism e.g. tissue, blood.			anatomical material example			select		true								Not Applicable; Missing; Not Collected; Not Provided; Restricted Access	"2021-05-11T00:37:36Z"	Guidance: Provide a descriptor if an anatomical material was sampled. Use the picklist provided in the template. If a desired term is missing from the picklist, contact emma.griffiths@bccdc.ca. If not applicable, do not leave blank. Choose a null value.		requires discussion	
GENEPIO:0001210	anatomical material example	CanCOGeN:anatomical material example	https://w3id.org/linkml/Example						"Blood"															requires discussion	
GENEPIO:0001214	anatomical part	CanCOGeN:anatomical part	DataHarmonizer field - sample collection and processing	An anatomical part of an organism e.g. oropharynx.			anatomical part example			select		true								Not Applicable; Missing; Not Collected; Not Provided; Restricted Access		Guidance: Provide a descriptor if an anatomical part was sampled. Use the picklist provided in the template. If a desired term is missing from the picklist, contact emma.griffiths@bccdc.ca. If not applicable, do not leave blank. Choose a null value.		requires discussion	
GENEPIO:0001213	anatomical part example	CanCOGeN:anatomical part example	https://w3id.org/linkml/Example						"Nasopharynx (NP)"															requires discussion	
GENEPIO:0001517	authors	CanCOGeN:authors	DataHarmonizer field - contributor acknowledgement	Names of individuals contributing to the processes of sample collection, sequence generation, analysis, and data submission.						xsd:token			true								"2021-06-06T16:37:30Z"	Guidance: Include the first and last names of all individuals that should be attributed, separated by a comma.		requires discussion	
GENEPIO:0001384	authors example	CanCOGeN:authors example	https://w3id.org/linkml/Example						"Tejinder Singh, Fei Hu, Joe Blogs"															requires discussion	
GENEPIO:0001489	bioinformatics protocol	CanCOGeN:bioinformatics protocol	DataHarmonizer field - bioinformatics and QC metrics	The name and version number of the bioinformatics protocol used.						xsd:token											"2021-06-06T15:23:18Z"	Guidance: Further details regarding the methods used to process raw data, and/or generate assemblies, and/or generate consensus sequences can be provided in an SOP or protocol. Provide the name and version number of the protocol.		requires discussion	
GENEPIO:0001362	bioinformatics protocol example	CanCOGeN:bioinformatics protocol example	https://w3id.org/linkml/Example						"https://www.protocols.io/groups/cphln-sarscov2-sequencing-consortium/members"															requires discussion	
GENEPIO:0001266	biomaterial extracted	CanCOGeN:biomaterial extracted	DataHarmonizer field - sample collection and processing	The biomaterial extracted from samples for the purpose of sequencing.			biomaterial extracted example			select										Not Applicable; Missing; Not Collected; Not Provided; Restricted Access	"2021-06-05T16:21:49Z"	Guidance: Provide the biomaterial extracted from the picklist in the template.		requires discussion	
GENEPIO:0001265	biomaterial extracted example	CanCOGeN:biomaterial extracted example	https://w3id.org/linkml/Example						"RNA (total)"															requires discussion	
GENEPIO:0001136	bioproject accession	CanCOGeN:bioproject accession	DataHarmonizer field - database identifiers	The INSDC accession number of the BioProject(s) to which the BioSample belongs.			bioproject accession example	bioproject accession local name		xs:token	"https://www.ncbi.nlm.nih.gov/bioproject/"^^xsd:anyURI			UPPER								Guidance: Store the BioProject accession number. BioProjects are an organizing tool that links together raw sequence data, assemblies, and their associated metadata. Each province will be assigned a different bioproject accession number by the National Microbiology Lab. A valid NCBI BioProject accession has prefix PRJN e.g., PRJNA12345, and is created once at the beginning of a new sequencing project.		requires discussion	
GENEPIO:0001134	bioproject accession example	CanCOGeN:bioproject accession example	https://w3id.org/linkml/Example						"PRJNA608651"															requires discussion	
GENEPIO:0001135	bioproject accession local name	CanCOGeN:bioproject accession local name	https://w3id.org/linkml/LocalName															http://purl.obolibrary.org/obo/GENEPIO_0001836						requires discussion	
GENEPIO:0001139	biosample accession	CanCOGeN:biosample accession	DataHarmonizer field - database identifiers	The identifier assigned to a BioSample in INSDC archives.			biosample accession example	biosample accession local name		xsd:token	"https://www.ncbi.nlm.nih.gov/biosample"^^xsd:anyURI			UPPER							"2021-04-27T04:06:03Z"	Guidance: Store the accession returned from the BioSample submission. NCBI BioSamples will have the prefix SAMN.		requires discussion	
GENEPIO:0001137	biosample accession example	CanCOGeN:biosample accession example	https://w3id.org/linkml/Example						"SAMN14180202"															requires discussion	
GENEPIO:0001138	biosample accession local name	CanCOGeN:biosample accession local name	https://w3id.org/linkml/LocalName															http://purl.obolibrary.org/obo/GENEPIO_0001836						requires discussion	
GENEPIO:0001216	body product	CanCOGeN:body product	DataHarmonizer field - sample collection and processing	A substance excreted/secreted from an organism e.g. feces, urine, sweat.			body product example			select		true								Not Applicable; Missing; Not Collected; Not Provided; Restricted Access	"2021-05-11T00:45:08Z"	Guidance: Provide a descriptor if a body product was sampled. Use the picklist provided in the template.  If a desired term is missing from the picklist, contact emma.griffiths@bccdc.ca. If not applicable, do not leave blank. Choose a null value.		requires discussion	
GENEPIO:0001215	body product example	CanCOGeN:body product example	https://w3id.org/linkml/Example						"Feces"															requires discussion	
GENEPIO:0001472	breadth of coverage value	CanCOGeN:breadth of coverage value	DataHarmonizer field - bioinformatics and QC metrics	The percentage of the reference genome covered by the sequenced data, to a prescribed depth.						xsd:token											"2021-06-06T04:58:59Z"	Guidance: Provide value as a percent.		requires discussion	
GENEPIO:0001348	breadth of coverage value example	CanCOGeN:breadth of coverage value example	https://w3id.org/linkml/Example						"95%"															requires discussion	
GENEPIO:0001234	collection device	CanCOGeN:collection device	DataHarmonizer field - sample collection and processing	The instrument or container used to collect the sample e.g. swab.			collection device example			select		true								Not Applicable; Missing; Not Collected; Not Provided; Restricted Access	"2021-06-05T05:02:28Z"	Guidance: Provide a descriptor if a device was used for sampling. Use the picklist provided in the template. If a desired term is missing from the picklist, contact emma.griffiths@bccdc.ca. If not applicable, do not leave blank. Choose a null value.		requires discussion	
GENEPIO:0001233	collection device example	CanCOGeN:collection device example	https://w3id.org/linkml/Example						"Swab"															requires discussion	
GENEPIO:0001241	collection method	CanCOGeN:collection method	DataHarmonizer field - sample collection and processing	The process used to collect the sample e.g. phlebotamy, necropsy.			collection method example		"Bronchoalveolar lavage (BAL)"	select		true								Not Applicable; Missing; Not Collected; Not Provided; Restricted Access	"2021-06-05T05:06:36Z"	Guidance: Provide a descriptor if a collection method was used for sampling. Use the picklist provided in the template.  If a desired term is missing from the picklist, contact emma.griffiths@bccdc.ca. If not applicable, do not leave blank. Choose a null value.	requires discussion		
GENEPIO:0001235	collection method example	CanCOGeN:collection method example	https://w3id.org/linkml/Example						"Bronchoalveolar lavage (BAL)"															requires discussion	
GENEPIO:0001243	collection protocol	CanCOGeN:collection protocol	DataHarmonizer field - sample collection and processing	The name and version of a particular protocol used for sampling.			collection protocol example			xsd:token											"2021-06-05T05:12:09Z"	Guidance: Free text.		requires discussion	
GENEPIO:0001242	collection protocol example	CanCOGeN:collection protocol example	https://w3id.org/linkml/Example						"BCRonaSamplingProtocol v. 1.2"															requires discussion	
GENEPIO:0001402	complications	CanCOGeN:complications	DataHarmonizer field - host information	Patient medical complications that are believed to have occurred as a result of host disease.			complications example			multiple					true					Not Applicable; Missing; Not Collected; Not Provided; Restricted Access	"2021-06-06T02:06:19Z"	Guidance: Select all of the complications experienced by the host from the pick list. If the desired term is missing, contact the curation team.		requires discussion	
GENEPIO:0001301	complications example	CanCOGeN:complications example	https://w3id.org/linkml/Example						"Acute Respiratory Failure; Coma; Septicemia"															requires discussion	
GENEPIO:0001483	consensus genome length	CanCOGeN:consensus genome length	DataHarmonizer field - bioinformatics and QC metrics	Size of the reconstructed genome described as the number of base pairs.						xsd:nonNegativeInteger											"2021-06-06T15:13:54Z"	Guidance: Provide a numerical value (no need to include units).		requires discussion	
GENEPIO:0001359	consensus genome length example	CanCOGeN:consensus genome length example	https://w3id.org/linkml/Example						"38677"^^xsd:integer															requires discussion	
GENEPIO:0001461	consensus sequence filename	CanCOGeN:consensus sequence filename	DataHarmonizer field - bioinformatics and QC metrics	The name of the consensus sequence file.						xsd:token											"2021-06-06T04:47:05Z"	Guidance: Provide the name and version number of the consensus sequence FASTA file.		requires discussion	
GENEPIO:0001344	consensus sequence filename example	CanCOGeN:consensus sequence filename example	https://w3id.org/linkml/Example						"ncov123assembly.fasta"															requires discussion	
GENEPIO:0001462	consensus sequence filepath	CanCOGeN:consensus sequence filepath	DataHarmonizer field - bioinformatics and QC metrics	The filepath of the consesnsus sequence file.						xsd:token											"2021-06-06T04:49:26Z"	Guidance: Provide the filepath of the consensus sequence FASTA file.		requires discussion	
GENEPIO:0001345	consensus sequence filepath example	CanCOGeN:consensus sequence filepath example	https://w3id.org/linkml/Example						"/User/Documents/RespLab/Data/ncov123assembly.fasta"															requires discussion	
GENEPIO:0001460	consensus sequence name	CanCOGeN:consensus sequence name	DataHarmonizer field - bioinformatics and QC metrics	The name of the consensus sequence.						xsd:token											"2021-06-06T04:44:41Z"	Guidance: Provide the name and version number of the consensus sequence.		requires discussion	
GENEPIO:0001343	consensus sequence name example	CanCOGeN:consensus sequence name example	https://w3id.org/linkml/Example						"ncov123assembly3"															requires discussion	
GENEPIO:0001463	consensus sequence software name	CanCOGeN:consensus sequence software name	DataHarmonizer field - bioinformatics and QC metrics	The name of software used to generate the consensus sequence.The name of software used to generate the consensus sequence.						xsd:token		true									"2021-06-06T04:53:51Z"	Guidance: Provide the name of the software used to generate the consensus sequence.		requires discussion	
GENEPIO:0001346	consensus sequence software name example	CanCOGeN:consensus sequence software name example	https://w3id.org/linkml/Example						"Ivar"															requires discussion	
GENEPIO:0001469	consensus sequence software version	CanCOGeN:consensus sequence software version	DataHarmonizer field - bioinformatics and QC metrics	The version of the software used to generate the consensus sequence.						xsd:token		true									"2021-06-06T04:56:20Z"	Guidance: Provide the version of the software used to generate the consensus sequence.		requires discussion	
GENEPIO:0001347	consensus sequence software version example	CanCOGeN:consensus sequence software version example	https://w3id.org/linkml/Example						"1.3"^^xsd:decimal															requires discussion	
GENEPIO:0001518	DataHarmonizer provenance	CanCOGeN:DataHarmonizer provenance	DataHarmonizer field - contributor acknowledgement	The DataHarmonizer software version provenance.						provenance											"2021-06-06T16:39:53Z"	Guidance: The current software version information will be automatically generated in this field after the user utilizes the \"validate\" function. This information will be generated regardless as to whether the row is valid of not.		requires discussion	
GENEPIO:0001385	DataHarmonizer provenance example	CanCOGeN:DataHarmonizer provenance example	https://w3id.org/linkml/Example						"DataHarmonizer provenance: v0.13.21"															requires discussion	
GENEPIO:0001459	dehosting method	CanCOGeN:dehosting method	DataHarmonizer field - bioinformatics and QC metrics	The method used to remove host reads from the pathogen sequence.						xsd:token											"2021-06-06T04:41:47Z2021-06-06T04:41:47Z"	Guidance: Provide the name and version number of the software used to remove host reads.		requires discussion	
GENEPIO:0001341	dehosting method example	CanCOGeN:dehosting method example	https://w3id.org/linkml/Example						"Nanostripper"															requires discussion	
GENEPIO:0001475	depth of coverage threshold	CanCOGeN:depth of coverage threshold	DataHarmonizer field - bioinformatics and QC metrics	The threshold used as a cut-off for the depth of coverage.						xsd:token											"2021-06-06T05:03:32Z"	Guidance: Provide the threshold fold coverage.		requires discussion	
GENEPIO:0001350	depth of coverage threshold example	CanCOGeN:depth of coverage threshold example	https://w3id.org/linkml/Example						"100x"															requires discussion	
GENEPIO:0001474	depth of coverage value	CanCOGeN:depth of coverage value	DataHarmonizer field - bioinformatics and QC metrics	The average number of reads representing a given nucleotide in the reconstructed sequence.						xsd:token											"2021-06-06T05:01:30Z"	Guidance: Provide value as a fold of coverage.		requires discussion	
GENEPIO:0001349	depth of coverage value example	CanCOGeN:depth of coverage value example	https://w3id.org/linkml/Example						"400x"															requires discussion	
GENEPIO:0001411	destination of most recent travel (city)	CanCOGeN:destination of most recent travel (city)	DataHarmonizer field - host exposure information	The name of the city that was the destination of most recent travel.			destination of most recent travel (city) example			xsd:token												Guidance: Provide the name of the city that the host travelled to. Use this look-up service to identify the standardized term: https://www.ebi.ac.uk/ols/ontologies/gaz		requires discussion	
GENEPIO:0001309	destination of most recent travel (city) example	CanCOGeN:destination of most recent travel (city) example	https://w3id.org/linkml/Example						"New York City"															requires discussion	
GENEPIO:0001413	destination of most recent travel (country)	CanCOGeN:destination of most recent travel (country)	DataHarmonizer field - host exposure information	The name of the country that was the destination of most recent travel.			destination of most recent travel (country) example			select										Not Applicable; Missing; Not Collected; Not Provided; Restricted Access	"2021-06-06T02:56:11Z"	Guidance: Provide the name of the country that the host travelled to. Use this look-up service to identify the standardized term: https://www.ebi.ac.uk/ols/ontologies/gaz		requires discussion	
GENEPIO:0001311	destination of most recent travel (country) example	CanCOGeN:destination of most recent travel (country) example	https://w3id.org/linkml/Example						"United Kingdom"															requires discussion	
GENEPIO:0001412	destination of most recent travel (state/province/territory)	CanCOGeN:destination of most recent travel (state/province/territory)	DataHarmonizer field - host exposure information	The name of the province that was the destination of most recent travel.			destination of most recent travel (state/province/territory) example			xsd:token											"2021-06-06T02:53:39Z"	Guidance: Provide the name of the state/province/territory that the host travelled to. Use this look-up service to identify the standardized term: https://www.ebi.ac.uk/ols/ontologies/gaz		requires discussion	
GENEPIO:0001310	destination of most recent travel (state/province/territory) example	CanCOGeN:destination of most recent travel (state/province/territory) example	https://w3id.org/linkml/Example						"California"															requires discussion	
GENEPIO:0001509	diagnostic pcr Ct value 1	CanCOGeN:diagnostic pcr Ct value 1	DataHarmonizer field - pathogen diagnostic testing	The Ct value result from a diagnostic SARS-CoV-2 RT-PCR test.						xs:token											"2021-06-06T15:57:36Z"	Guidance: Provide the CT value of the sample from the diagnostic RT-PCR test.		requires discussion	
GENEPIO:0001377	diagnostic pcr Ct value 1 example	CanCOGeN:diagnostic pcr Ct value 1 example	https://w3id.org/linkml/Example						"21"^^xsd:integer															requires discussion	
GENEPIO:0001512	diagnostic pcr Ct value 2	CanCOGeN:diagnostic pcr Ct value 2	DataHarmonizer field - pathogen diagnostic testing	The Ct value result from a diagnostic SARS-CoV-2 RT-PCR test.						xsd:token											"2021-06-06T16:26:16Z"	Guidance: Provide the CT value of the sample from the second diagnostic RT-PCR test.		requires discussion	
GENEPIO:0001380	diagnostic pcr Ct value 2 example	CanCOGeN:diagnostic pcr Ct value 2 example	https://w3id.org/linkml/Example						"36"^^xsd:integer															requires discussion	
GENEPIO:0001515	diagnostic pcr Ct value 3	CanCOGeN:diagnostic pcr Ct value 3	DataHarmonizer field - pathogen diagnostic testing	The Ct value result from a diagnostic SARS-CoV-2 RT-PCR test.						xsd:token											"2021-06-06T16:33:11Z"	Guidance: Provide the CT value of the sample from the second diagnostic RT-PCR test.		requires discussion	
GENEPIO:0001383	diagnostic pcr Ct value 3 example	CanCOGeN:diagnostic pcr Ct value 3 example	https://w3id.org/linkml/Example						"30"^^xsd:integer															requires discussion	
GENEPIO:0001508	diagnostic pcr protocol 1	CanCOGeN:diagnostic pcr protocol 1	DataHarmonizer field - pathogen diagnostic testing	The name and version number of the protocol used for diagnostic marker amplification.						xsd:token											"2021-06-06T15:55:20Z"	Guidance: The name and version number of the protocol used for carrying out a diagnostic PCR test. This information can be compared to sequence data for evaluation of performance and quality control.		requires discussion	
GENEPIO:0001376	diagnostic pcr protocol 1 example	CanCOGeN:diagnostic pcr protocol 1 example	https://w3id.org/linkml/Example						"EGenePCRTest 2"															requires discussion	
GENEPIO:0001511	diagnostic pcr protocol 2	CanCOGeN:diagnostic pcr protocol 2	DataHarmonizer field - pathogen diagnostic testing	The name and version number of the protocol used for diagnostic marker amplification.						xsd:token											"2021-06-06T16:23:57Z"	Guidance: The name and version number of the protocol used for carrying out a second diagnostic PCR test. This information can be compared to sequence data for evaluation of performance and quality control.		requires discussion	
GENEPIO:0001379	diagnostic pcr protocol 2 example	CanCOGeN:diagnostic pcr protocol 2 example	https://w3id.org/linkml/Example						"RdRpGenePCRTest 3"															requires discussion	
GENEPIO:0001514	diagnostic pcr protocol 3	CanCOGeN:diagnostic pcr protocol 3	DataHarmonizer field - pathogen diagnostic testing	The name and version number of the protocol used for diagnostic marker amplification.						xsd:token											"2021-06-06T16:30:58Z"	Guidance: The name and version number of the protocol used for carrying out a second diagnostic PCR test. This information can be compared to sequence data for evaluation of performance and quality control.		requires discussion	
GENEPIO:0001382	diagnostic pcr protocol 3 example	CanCOGeN:diagnostic pcr protocol 3 example	https://w3id.org/linkml/Example						"RdRpGenePCRTest 3"															requires discussion	
GENEPIO:0001223	environmental material	CanCOGeN:environmental material	DataHarmonizer field - sample collection and processing	A substance obtained from the natural or man-made environment e.g. soil, water, sewage.			environmental material example			select		true								Not Applicable; Missing; Not Collected; Not Provided; Restricted Access	"2021-06-05T04:51:30Z"	Guidance: Provide a descriptor if an environmental material was sampled. Use the picklist provided in the template.  If a desired term is missing from the picklist, contact emma.griffiths@bccdc.ca. If not applicable, do not leave blank. Choose a null value.		requires discussion	
GENEPIO:0001218	environmental material example	CanCOGeN:environmental material example	https://w3id.org/linkml/Example						"Face mask"															requires discussion	
GENEPIO:0001232	environmental site	CanCOGeN:environmental site	DataHarmonizer field - sample collection and processing	An environmental location may describe a site in the natural or built environment e.g. contact surface, metal can, hospital, wet market, bat cave.			environmental site example			select		true								Not Applicable; Missing; Not Collected; Not Provided; Restricted Access	"2021-06-05T04:57:02Z"	Guidance: Provide a descriptor if an environmental site was sampled. Use the picklist provided in the template.  If a desired term is missing from the picklist, contact emma.griffiths@bccdc.ca. If not applicable, do not leave blank. Choose a null value.		requires discussion	
GENEPIO:0001230	environmental site example	CanCOGeN:environmental site example	https://w3id.org/linkml/Example						"Production Facility"															requires discussion	
GENEPIO:0001418	exposure contact level	CanCOGeN:exposure contact level	DataHarmonizer field - host exposure information	The exposure transmission contact type.			exposure contact level example			select										Not Applicable; Missing; Not Collected; Not Provided; Restricted Access	"2021-06-06T03:09:35Z"	Guidance: Select direct or indirect exposure from the pick-list.		requires discussion	
GENEPIO:0001316	exposure contact level example	CanCOGeN:exposure contact level example	https://w3id.org/linkml/Example						"Direct"															requires discussion	
GENEPIO:0001431	exposure details	CanCOGeN:exposure details	DataHarmonizer field - host exposure information	Additional host exposure information.			exposure details example			xsd:token											"2021-06-06T03:17:19Z"	Guidance: Free text description of the exposure.		requires discussion	
GENEPIO:0001319	exposure details example	CanCOGeN:exposure details example	https://w3id.org/linkml/Example						"Host role - Other: Bus Driver"															requires discussion	
GENEPIO:0001417	exposure event	CanCOGeN:exposure event	DataHarmonizer field - host exposure information	Event leading to exposure.			exposure event example			select										Not Applicable; Missing; Not Collected; Not Provided; Restricted Access	"2021-06-06T03:07:13Z"	Guidance: Select an exposure event from the pick list provided in the template. If the desired term is missing, contact the curation team.		requires discussion	
GENEPIO:0001315	exposure event example	CanCOGeN:exposure event example	https://w3id.org/linkml/Example						"Convention"															requires discussion	
GENEPIO:0001428	exposure setting	CanCOGeN:exposure setting	DataHarmonizer field - host exposure information	The setting leading to exposure.			exposure setting example			multiple					true						"2021-06-06T03:14:25Z"	Guidance: Select the host exposure setting(s) from the pick list provided in the template. If a desired term is missing, contact the curation team.		requires discussion	
GENEPIO:0001318	exposure setting example	CanCOGeN:exposure setting example	https://w3id.org/linkml/Example						"Healthcare Setting"															requires discussion	
GENEPIO:0001480	fast5 filename	CanCOGeN:fast5 filename	DataHarmonizer field - bioinformatics and QC metrics	The user-specified filename of the FAST5 file.						xsd:token											"2021-06-06T15:05:06Z"	Guidance: Provide the FAST5 filename.		requires discussion	
GENEPIO:0001355	fast5 filename example	CanCOGeN:fast5 filename example	https://w3id.org/linkml/Example						"rona123assembly.fast5"															requires discussion	
GENEPIO:0001481	fast5 filepath	CanCOGeN:fast5 filepath	DataHarmonizer field - bioinformatics and QC metrics	The location of the FAST5 file within a user's file system.						xsd:token											"2021-06-06T15:07:22Z"	Guidance: Provide the filepath for the FAST5 file. This information aids in data management.		requires discussion	
GENEPIO:0001357	fast5 filepath example	CanCOGeN:fast5 filepath example	https://w3id.org/linkml/Example						"/User/Documents/RespLab/Data/rona123assembly.fast5"															requires discussion	
GENEPIO:0001407	first dose vaccination date	CanCOGeN:first dose vaccination date	DataHarmonizer field - host vaccination information	The date the host was first vaccinated.			first dose vaccination date example			xsd:date											"2021-06-06T02:37:31Z"	Guidance: Provide the vaccination date in ISO 8601 standard format \"YYYY-MM-DD\".		requires discussion	
GENEPIO:0001306	first dose vaccination date example	CanCOGeN:first dose vaccination date example	https://w3id.org/linkml/Example						"2021-02-26"															requires discussion	
GENEPIO:0001451	flow cell barcode	CanCOGeN:flow cell barcode	DataHarmonizer field - sequencing	The barcode of the flow cell used for sequencing.			flow cell barcode example			xsd:token											"2021-06-06T04:15:34Z"	Guidance: Provide the barcode of the flow cell used for sequencing the sample.		requires discussion	
GENEPIO:0001332	flow cell barcode example	CanCOGeN:flow cell barcode example	https://w3id.org/linkml/Example						"FAB06069"															requires discussion	
GENEPIO:0001145	GenBank/ENA/DDBJ accession	CanCOGeN:GenBank accession	DataHarmonizer field - database identifiers	The GenBank identifier assigned to the sequence in the INSDC archives.	The GenBank identifier assigned to the sequence in the INSDC archives.	MN908947.3	GenBank accession example	GenBank accession local name		xsd:token	"https://www.ncbi.nlm.nih.gov/genbank/"^^xsd:anyURI|"https://www.ncbi.nlm.nih.gov/genbank/acc_prefix/"^^xsd:anyURI			UPPER							"2021-04-27T04:27:48Z"	Guidance: Store the accession returned from a GenBank submission (viral genome assembly).		requires discussion	
GENEPIO:0001143	GenBank accession example	CanCOGeN:GenBank accession example	https://w3id.org/linkml/Example						"MN908947.3"															requires discussion	
GENEPIO:0001144	GenBank accession local name	CanCOGeN:GenBank accession local name	https://w3id.org/linkml/LocalName															http://purl.obolibrary.org/obo/OBI_0001614						requires discussion	
GENEPIO:0001507	gene name 1	CanCOGeN:gene name 1	DataHarmonizer field - pathogen diagnostic testing	The name of the gene used in the diagnostic RT-PCR test.						select										Not Applicable; Missing; Not Collected; Not Provided; Restricted Access	"2021-06-06T15:52:42Z"	Guidance: Provide the full name of the gene used in the test. The gene symbol (short form of gene name) can also be provided. Standardized gene names and symbols can be found in the Gene Ontology using this look-up service: https://bit.ly/2Sq1LbI		requires discussion	
GENEPIO:0001375	gene name 1 example	CanCOGeN:gene name 1 example	https://w3id.org/linkml/Example						"E gene (orf4)"															requires discussion	
GENEPIO:0001510	gene name 2	CanCOGeN:gene name 2	DataHarmonizer field - pathogen diagnostic testing	The name of the gene used in the diagnostic RT-PCR test.						select										Not Applicable; Missing; Not Collected; Not Provided; Restricted Access	"2021-06-06T15:59:50Z"	Guidance: Provide the full name of another gene used in an RT-PCR test. The gene symbol (short form of gene name) can also be provided. Standardized gene names and symbols can be found in the Gene Ontology using this look-up service: https://bit.ly/2Sq1LbI		requires discussion	
GENEPIO:0001378	gene name 2 example	CanCOGeN:gene name 2 example	https://w3id.org/linkml/Example						"RdRp gene (nsp12)"															requires discussion	
GENEPIO:0001513	gene name 3	CanCOGeN:gene name 3	DataHarmonizer field - pathogen diagnostic testing	The name of the gene used in the diagnostic RT-PCR test.						select										Not Applicable; Missing; Not Collected; Not Provided; Restricted Access	"2021-06-06T16:28:18Z"	Guidance: Provide the full name of another gene used in an RT-PCR test. The gene symbol (short form of gene name) can also be provided. Standardized gene names and symbols can be found in the Gene Ontology using this look-up service: https://bit.ly/2Sq1LbI		requires discussion	
GENEPIO:0001381	gene name 3 example	CanCOGeN:gene name 3 example	https://w3id.org/linkml/Example						"RdRp gene (nsp12)"															requires discussion	
GENEPIO:0001189	geo_loc_name (city)	CanCOGeN:geo_loc_name (city)	DataHarmonizer field - sample collection and processing	The city where the sample was collected.			geo_loc_name (city) example			xsd:token											"2021-05-05T20:09:29Z"	Guidance: Provide the city name. Use this look-up service to identify the standardized term: https://www.ebi.ac.uk/ols/ontologies/gaz		requires discussion	
GENEPIO:0001188	geo_loc_name (city) example	CanCOGeN:geo_loc_name (city) example	https://w3id.org/linkml/Example						"Medicine Hat"															requires discussion	
GENEPIO:0001181	geo_loc_name (country)	CanCOGeN:geo_loc_name (country)	DataHarmonizer field - sample collection and processing	The country where the sample was collected.			geo_loc_name (country) example			select		true								Not Applicable; Missing; Not Collected; Not Provided; Restricted Access	"2021-05-05T20:00:35Z"	Guidance: Provide the country name from the controlled vocabulary provided.		requires discussion	
GENEPIO:0001180	geo_loc_name (country) example	CanCOGeN:geo_loc_name (country) example	https://w3id.org/linkml/Example						"Canada"															requires discussion	
GENEPIO:0001185	geo_loc_name (state/province/territory)	CanCOGeN:geo_loc_name (state/province/territory)	DataHarmonizer field - sample collection and processing	The province/territory where the sample was collected.			geo_loc_name (state/province/territory) example			select		true								Not Applicable; Missing; Not Collected; Not Provided; Restricted Access	"2021-05-05T20:05:18Z"	Guidance: Provide the province/territory name from the controlled vocabulary provided.		requires discussion	
GENEPIO:0001184	geo_loc_name (state/province/territory) example	CanCOGeN:geo_loc_name (state/province/territory) example	https://w3id.org/linkml/Example						"Saskatchewan"															requires discussion	
GENEPIO:0001147	GISAID accession	CanCOGeN:GISAID accession	DataHarmonizer field - database identifiers	The GISAID accession number assigned to the sequence.			GISAID accession example			xsd:token	"https://www.gisaid.org/help/publish-with-data-from-gisaid/"^^xsd:anyURI			UPPER							"2021-04-27T04:36:10Z"	Guidance: Store the accession returned from the GISAID submission.		requires discussion	
GENEPIO:0001146	GISAID accession example	CanCOGeN:GISAID accession example	https://w3id.org/linkml/Example						"EPI_ISL_436489"															requires discussion	
GENEPIO:0001386	host (common name)	CanCOGeN:host (common name)	DataHarmonizer field - host information	The commonly used name of the host.			host (common name) example			select										Not Applicable; Missing; Not Collected; Not Provided; Restricted Access	"2021-06-06T01:12:52Z"	Guidance: Common name or scientific name are required if there was a host. Both can be provided, if known. Use terms from the pick lists in the template. Common name e.g. human, bat. If the sample was environmental, put "not applicable".		requires discussion	
GENEPIO:0001278	host (common name) example	CanCOGeN:host (common name) example	https://w3id.org/linkml/Example						"Human"															requires discussion	
GENEPIO:0001387	host (scientific name)	CanCOGeN:host (scientific name)	DataHarmonizer field - host information	The taxonomic, or scientific name of the host.			host (scientific name) example			select		true								2021-06-06T01:15:53Z|Not Applicable; Missing; Not Collected; Not Provided; Restricted Access		Guidance: Common name or scientific name are required if there was a host. Both can be provided, if known. Use terms from the pick lists in the template. Scientific name e.g. Homo sapiens, If the sample was environmental, put "not applicable".		requires discussion	
GENEPIO:0001279	host (scientific name) example	CanCOGeN:host (scientific name) example	https://w3id.org/linkml/Example						"Homo sapiens"															requires discussion	
GENEPIO:0001392	host age	CanCOGeN:host age	DataHarmonizer field - host information	Age of host at the time of sampling.			host age example			xsd:decimal		true				"0"^^xsd:integer	"130"^^xsd:integer			Not Applicable; Missing; Not Collected; Not Provided; Restricted Access	"2021-06-06T01:33:44Z"	Guidance: Enter the age of the host in years. If not available, provide a null value. If there is not host, put "Not Applicable".		requires discussion	
GENEPIO:0001394	host age bin	CanCOGeN:host age bin	DataHarmonizer field - host information	Age of host at the time of sampling, expressed as an age group.			host age bin example			select		true								Not Applicable; Missing; Not Collected; Not Provided; Restricted Access	"2021-06-06T01:40:27Z"	Guidance: Select the corresponding host age bin from the pick list provided in the template. If not available, provide a null value.		requires discussion	
GENEPIO:0001288	host age bin example	CanCOGeN:host age bin example	https://w3id.org/linkml/Example						"60 - 69"															requires discussion	
GENEPIO:0001284	host age example	CanCOGeN:host age example	https://w3id.org/linkml/Example						"79"^^xsd:integer															requires discussion	
GENEPIO:0001393	host age unit	CanCOGeN:host age unit	DataHarmonizer field - host information	The unit used to measure the host age, in either months or years.			host age unit example			select		true								Not Applicable; Missing; Not Collected; Not Provided; Restricted Access	"2021-06-06T01:37:16Z"	Guidance: Indicate whether the host age is in months or years. Age indicated in months will be binned to the 0 - 9 year age bin.		requires discussion	
GENEPIO:0001285	host age unit example	CanCOGeN:host age unit example	https://w3id.org/linkml/Example						"years"															requires discussion	
GENEPIO:0001391	host disease	CanCOGeN:host disease	DataHarmonizer field - host information	The name of the disease experienced by the host.			host disease example			select		true								Not Applicable; Missing; Not Collected; Not Provided; Restricted Access	"2021-06-06T01:30:00Z"	Guidance: Select \"COVID-19\" from the pick list provided in the template.		requires discussion	
GENEPIO:0001283	host disease example	CanCOGeN:host disease example	https://w3id.org/linkml/Example						"COVID-19"															requires discussion	
GENEPIO:0001395	host gender	CanCOGeN:host gender	DataHarmonizer field - host information	The gender of the host at the time of sample collection.			host gender example			select		true		Title						Not Applicable; Missing; Not Collected; Not Provided; Restricted Access	"2021-06-06T01:43:06Z"	Guidance: Select the corresponding host gender from the pick list provided in the template. If not available, provide a null value. If there is no host, put "Not Applicable"..		requires discussion	
GENEPIO:0001290	host gender example	CanCOGeN:host gender example	https://w3id.org/linkml/Example						"male"															requires discussion	
GENEPIO:0001390	host health outcome	CanCOGeN:host health outcome	DataHarmonizer field - host information	Disease outcome in the host.			host health outcome example			select										Not Applicable; Missing; Not Collected; Not Provided; Restricted Access	"2021-06-06T01:25:19Z"	Guidance: If known, select a descriptor from the pick list provided in the template.		requires discussion	
GENEPIO:0001282	host health outcome example	CanCOGeN:host health outcome example	https://w3id.org/linkml/Example						"Recovered"															requires discussion	
GENEPIO:0001388	host health state	CanCOGeN:host health state	DataHarmonizer field - host information	Health status of the host at the time of sample collection.			host health state example			select										Not Applicable; Missing; Not Collected; Not Provided; Restricted Access	"2021-06-06T01:19:17Z"	Guidance: If known, select a descriptor from the pick list provided in the template.		requires discussion	
GENEPIO:0001280	host health state example	CanCOGeN:host health state example	https://w3id.org/linkml/Example						"Symptomatic"															requires discussion	
GENEPIO:0001389	host health status details	CanCOGeN:host health status details	DataHarmonizer field - host information	Further details pertaining to the health or disease status of the host at time of collection.			host health status details example			select										Not Applicable; Missing; Not Collected; Not Provided; Restricted Access	"2021-06-06T01:21:56Z"	Guidance: If known, select a descriptor from the pick list provided in the template.		requires discussion	
GENEPIO:0001281	host health status details example	CanCOGeN:host health status details example	https://w3id.org/linkml/Example						"Hospitalized (ICU)"															requires discussion	
GENEPIO:0001396	host residence geo_loc name (country)	CanCOGeN:host residence geo_loc name (country)	DataHarmonizer field - host information	The country of residence of the host.			host residence geo_loc name (country) example			select										Not Applicable; Missing; Not Collected; Not Provided; Restricted Access	"2021-06-06T01:46:24Z"	Guidance: Select the country name from pick list provided in the template.		requires discussion	
GENEPIO:0001294	host residence geo_loc name (country) example	CanCOGeN:host residence geo_loc name (country) example	https://w3id.org/linkml/Example						"United Kingdom"															requires discussion	
GENEPIO:0001397	host residence geo_loc name (state/province/territory)	CanCOGeN:host residence geo_loc name (state/province/territory)	DataHarmonizer field - host information	The state/province/territory of residence of the host.			host residence geo_loc name (state/province/territory) example			select										Not Applicable; Missing; Not Collected; Not Provided; Restricted Access	"2021-06-06T01:49:16Z"	Guidance: Select the province/territory name from pick list provided in the template.		requires discussion	
GENEPIO:0001295	host residence geo_loc name (state/province/territory) example	CanCOGeN:host residence geo_loc name (state/province/territory) example	https://w3id.org/linkml/Example						"Quebec"															requires discussion	
GENEPIO:0001419	host role	CanCOGeN:host role	DataHarmonizer field - host exposure information	The role of the host in relation to the exposure setting.			host role example			multiple					true						"2021-06-06T03:11:55Z"	Guidance: Select the host's personal role(s) from the pick list provided in the template. If the desired term is missing, contact the curation team.		requires discussion	
GENEPIO:0001317	host role example	CanCOGeN:host role example	https://w3id.org/linkml/Example						"Patient"															requires discussion	
GENEPIO:0001398	host subject ID	CanCOGeN:host subject ID	DataHarmonizer field - host information	A unique identifier by which each host can be referred to e.g. #131			host subject ID example			xsd:token											"2021-06-06T01:51:47Z"	Guidance: Provide the host identifier. Should be a unique, user-defined identifier.		requires discussion	
GENEPIO:0001296	host subject ID example	CanCOGeN:host subject ID example	https://w3id.org/linkml/Example						"BCxy123"															requires discussion	
GENEPIO:0001404	host vaccination status	CanCOGeN:host vaccination status	DataHarmonizer field - host vaccination information	The vaccination status of the host (fully vaccinated, partially vaccinated, or not vaccinated).			host vaccination status example			select										Not Applicable; Missing; Not Collected; Not Provided; Restricted Access	"2021-06-06T02:26:47Z"	Guidance: Select the vaccination status of the host from the pick list.		requires discussion	
GENEPIO:0001303	host vaccination status example	CanCOGeN:host vaccination status example	https://w3id.org/linkml/Example						"Fully Vaccinated"															requires discussion	
GENEPIO:0001131	IRIDA sample name	CanCOGeN:IRIDA sample name	DataHarmonizer field - database identifiers	The identifier assigned to a sequenced isolate in IRIDA.			IRIDA sample name example	IRIDA sample name local name		xsd:token											"2021-04-27T03:24:03Z"	Guidance: Store the IRIDA sample name. The IRIDA sample name will be created by the individual entering data into the IRIDA platform. IRIDA samples may be linked to metadata and sequence data, or just metadata alone. It is recommended that the IRIDA sample name be the same as, or contain, the specimen collector sample ID for better traceability. It is also recommended that the IRIDA sample name mirror the GISAID accession. IRIDA sample names cannot contain slashes. Slashes should be replaced by underscores. See IRIDA documentation for more information regarding special characters (https://irida.corefacility.ca/documentation/user/user/samples/#adding-a-new-sample).		requires discussion	
GENEPIO:0001129	IRIDA sample name example	CanCOGeN:IRIDA sample name example	https://w3id.org/linkml/Example						"prov_rona_99"															requires discussion	
GENEPIO:0001130	IRIDA sample name local name	CanCOGeN:IRIDA sample name local name	https://w3id.org/linkml/LocalName															http://purl.obolibrary.org/obo/GENEPIO_0001829						requires discussion	
GENEPIO:0001195	isolate	CanCOGeN:isolate	DataHarmonizer field - sample collection and processing	Identifier of the specific isolate.			isolate example			xsd:token		true								Not Applicable; Missing; Not Collected; Not Provided; Restricted Access	"2021-05-05T20:19:08Z"	Guidance: Provide the GISAID virus name, which should be written in the format “hCov-19/CANADA/xxxxx/2020”.		requires discussion	
GENEPIO:0001194	isolate example	CanCOGeN:isolate example	https://w3id.org/linkml/Example						"hCov-19/CANADA/prov_rona_99/2020"															requires discussion	
GENEPIO:0001255	lab host	CanCOGeN:lab host	DataHarmonizer field - sample collection and processing	Name and description of the laboratory host used to propagate the source organism or material from which the sample was obtained.			lab host example			select			true							Not Applicable; Missing; Not Collected; Not Provided; Restricted Access	"2021-06-05T16:01:34Z"	Guidance: Type of cell line used for propagation. Provide the name of the cell line using the picklist in the template. If not passaged, put "Not Applicable"..		requires discussion	
GENEPIO:0001254	lab host example	CanCOGeN:lab host example	https://w3id.org/linkml/Example						"Vero E6 cell line"															requires discussion	
GENEPIO:0001408	last dose vaccination date	CanCOGeN:last dose vaccination date	DataHarmonizer field - host vaccination information	The date the host received their last dose of vaccine.			last dose vaccination date example			xsd:date											"2021-06-06T02:40:02Z"	Guidance: Provide the date that the last dose of the vaccine was administered. Provide the last dose vaccination date in ISO 8601 standard format \"YYYY-MM-DD\".		requires discussion	
GENEPIO:0001307	last dose vaccination date example	CanCOGeN:last dose vaccination date example	https://w3id.org/linkml/Example						"2021-04-09"															requires discussion	
GENEPIO:0001448	library ID	CanCOGeN:library ID	DataHarmonizer field - sequencing	The user-specified identifier for the library prepared for sequencing.			library ID example			xsd:token			true								"2021-06-06T04:08:07Z"	Guidance: The library name should be unique, and can be an autogenerated ID from your LIMS, or modification of the isolate ID.		requires discussion	
GENEPIO:0001329	library ID example	CanCOGeN:library ID example	https://w3id.org/linkml/Example						"XYZ_123345"															requires discussion	
GENEPIO:0001450	library preparation kit	CanCOGeN:library preparation kit	DataHarmonizer field - sequencing	The name of the DNA library preparation kit used to generate the library being sequenced.			library preparation kit example			xsd:token											"2021-06-06T04:12:44Z"	Guidance: Provide the name of the library preparation kit used.		requires discussion	
GENEPIO:0001331	library preparation kit example	CanCOGeN:library preparation kit example	https://w3id.org/linkml/Example						"Nextera XT"															requires discussion	
GENEPIO:0001501	lineage/clade analysis software name	CanCOGeN:lineage/clade analysis software name	DataHarmonizer field - lineage and variant information	The name of the software used to determine the lineage/clade.						xsd:token											"2021-06-06T15:35:38Z"	Guidance: Provide the name of the software used to determine the lineage/clade.		requires discussion	
GENEPIO:0001364	lineage/clade analysis software name example	CanCOGeN:lineage/clade analysis software name example	https://w3id.org/linkml/Example						"Pangolin"															requires discussion	
GENEPIO:0001502	lineage/clade analysis software version	CanCOGeN:lineage/clade analysis software version	DataHarmonizer field - lineage and variant information	The version of the software used to determine the lineage/clade.						xsd:token											"2021-06-06T15:38:00Z"	Guidance: Provide the version of the software used ot determine the lineage/clade.		requires discussion	
GENEPIO:0001365	lineage/clade analysis software version example	CanCOGeN:lineage/clade analysis software version example	https://w3id.org/linkml/Example						"2.1.10"															requires discussion	
GENEPIO:0001500	lineage/clade name	CanCOGeN:lineage/clade name	DataHarmonizer field - lineage and variant information	The name of the lineage or clade.						xsd:token											"2021-06-06T15:32:22Z"	Guidance: Provide the Pangolin or Nextstrain lineage/clade name.		requires discussion	
GENEPIO:0001363	lineage/clade name example	CanCOGeN:lineage/clade name example	https://w3id.org/linkml/Example						"B.1.1.7"															requires discussion	
GENEPIO:0001410	location of exposure geo_loc name (country)	CanCOGeN:location of exposure geo_loc name (country)	DataHarmonizer field - host exposure information	The country where the host was likely exposed to the causative agent of the illness.			location of exposure geo_loc name (country) example			select										Not Applicable; Missing; Not Collected; Not Provided; Restricted Access	"2021-06-06T02:46:05Z"	Guidance: Select the country name from pick list provided in the template.		requires discussion	
GENEPIO:0001308	location of exposure geo_loc name (country) example	CanCOGeN:location of exposure geo_loc name (country) example	https://w3id.org/linkml/Example						"Canada"															requires discussion	
GENEPIO:0001414	most recent travel departure date	CanCOGeN:most recent travel departure date	DataHarmonizer field - host exposure information	The date of a person's most recent departure from their primary residence (at that time) on a journey to one or more other locations.			most recent travel departure date example			xsd:date										Not Applicable; Missing; Not Collected; Not Provided; Restricted Access	"2021-06-06T02:59:30Z"	Guidance: Provide the travel departure date.		requires discussion	
GENEPIO:0001312	most recent travel departure date example	CanCOGeN:most recent travel departure date example	https://w3id.org/linkml/Example						"2020-03-16"															requires discussion	
GENEPIO:0001415	most recent travel return date	CanCOGeN:most recent travel return date	DataHarmonizer field - host exposure information	The date of a person's most recent return to some residence from a journey originating at that residence.			most recent travel return date example			xsd:date										Not Applicable; Missing; Not Collected; Not Provided; Restricted Access	"2021-06-06T03:02:03Z"	Guidance: Provide the travel return date.		requires discussion	
GENEPIO:0001313	most recent travel return date example	CanCOGeN:most recent travel return date example	https://w3id.org/linkml/Example						"2020-04-26"															requires discussion	
GENEPIO:0001128	NML related specimen primary ID	CanCOGeN:NML related specimen primary ID	DataHarmonizer field - database identifiers	The primary ID of the related specimen previously submitted thorough the National Microbiology Laboratory (NML) LaSER.			NML related specimen primary ID example			xsd:token										Not Applicable; Missing; Not Collected; Not Provided; Restricted Access	"2021-04-27T03:10:30Z"	Guidance: Store the primary ID of the related specimen previously submitted thorough LaSER	https://orcid.org/0000-0002-9578-0788	requires discussion	
GENEPIO:0001127	NML related specimen primary ID example	CanCOGeN:NML related specimen primary ID example	https://w3id.org/linkml/Example						"SR20-12345"														https://orcid.org/0000-0002-9578-0788	requires discussion	
GENEPIO:0001209	NML related specimen relationship type	CanCOGeN:NML related specimen relationship type	DataHarmonizer field - sample collection and processing	The relationship of the related specimen to the previous National Microbiology Laboratory (NML) submission.			NML related specimen relationship type example			select											"2021-05-11T00:33:44Z"	Guidance: Provide the specimen type of the original sample submitted from the pick list provided, so that additional specimen testing can be tracked in the system.		requires discussion	
GENEPIO:0001207	NML related specimen relationship type example	CanCOGeN:NML related specimen relationship type example	https://w3id.org/linkml/Example						"Follow-up"															requires discussion	
GENEPIO:0001125	NML submitted specimen primary ID	CanCOGeN:NML submitted specimen primary ID	DataHarmonizer field - database identifiers	The primary ID of the specimen submitted thorough the National Microbiology Laboratory (NML) LaSER.			NML submitted specimen primary ID example			xsd:token											"2021-04-27T02:56:23Z"	Guidance: Store the identifier for the specimen submitted through the NML LaSER system.	https://orcid.org/0000-0002-9578-0788	requires discussion	
GENEPIO:0001124	NML submitted specimen primary ID example	CanCOGeN:NML submitted specimen primary ID example	https://w3id.org/linkml/Example						"SR20-12345"															requires discussion	
GENEPIO:0001204	NML submitted specimen type	CanCOGeN:NML submitted specimen type	DataHarmonizer field - sample collection and processing	The type of specimen submitted to the National Microbiology Laboratory (NML) for testing.			NML submitted specimen type example			select		true									"2021-05-11T00:28:44Z"	Guidance: This information is required for upload through the CNPHI LaSER system. Select the specimen type from the pick list provided. If sequence data is being submitted rather than a specimen for testing, select “Not Applicable”.		requires discussion	
GENEPIO:0001203	NML submitted specimen type example	CanCOGeN:NML submitted specimen type example	https://w3id.org/linkml/Example						"swab"															requires discussion	
GENEPIO:0001484	Ns per 100 kbp	CanCOGeN:Ns per 100 kbp	DataHarmonizer field - bioinformatics and QC metrics	The number of N symbols present in the consensus fasta sequence, per 100kbp of sequence.						xsd:decimal						"0"^^xsd:integer					"2021-06-06T15:18:08Z"	Guidance: Provide a numerical value (no need to include units).		requires discussion	
GENEPIO:0001360	Ns per 100 kbp example	CanCOGeN:Ns per 100 kbp example	https://w3id.org/linkml/Example						"330"^^xsd:integer															requires discussion	
GENEPIO:0001482	number of base pairs sequenced	CanCOGeN:number of base pairs sequenced	DataHarmonizer field - bioinformatics and QC metrics	The number of total base pairs generated by the sequencing process.						xsd:nonNegativeInteger											"2021-06-06T15:10:14Z"	Guidance: Provide a numerical value (no need to include units).		requires discussion	
GENEPIO:0001358	number of base pairs sequenced example	CanCOGeN:number of base pairs sequenced example	https://w3id.org/linkml/Example						"387566"^^xsd:integer															requires discussion	
GENEPIO:0001406	number of vaccine doses received	CanCOGeN:number of vaccine doses received	DataHarmonizer field - host vaccination information	The number of doses of the vaccine recived by the host.			number of vaccine doses received example			xsd:nonNegativeInteger											"2021-06-06T02:31:41Z"	Guidance: Record how many doses of the vaccine the host has received.		requires discussion	
GENEPIO:0001305	number of vaccine doses received example	CanCOGeN:number of vaccine doses received example	https://w3id.org/linkml/Example						"2"^^xsd:integer															requires discussion	
GENEPIO:0001191	organism	CanCOGeN:organism	DataHarmonizer field - sample collection and processing	Taxonomic name of the organism.			organism example			select		true								Not Applicable; Missing; Not Collected; Not Provided; Restricted Access	"2021-05-05T20:13:16Z"	Guidance: Use \"Severe acute respiratory syndrome coronavirus 2\". This value is provided in the template.		requires discussion	
GENEPIO:0001190	organism example	CanCOGeN:organism example	https://w3id.org/linkml/Example						"Severe acute respiratory syndrome coronavirus 2"															requires discussion	
GENEPIO:0001264	passage method	CanCOGeN:passage method	DataHarmonizer field - sample collection and processing	Description of how organism was passaged.						xsd:token			true							Not Applicable; Missing; Not Collected; Not Provided; Restricted Access	"2021-06-05T16:16:51Z"	Guidance: Free text. Provide a very short description (<10 words). If not passaged, put "Not Applicable"..		requires discussion	
GENEPIO:0001263	passage method example	CanCOGeN:passage method example	https://w3id.org/linkml/Example						"0.25% trypsin + 0.02% EDTA"															requires discussion	
GENEPIO:0001261	passage number	CanCOGeN:passage number	DataHarmonizer field - sample collection and processing	Number of passages.						xsd:nonNegativeInteger											"2021-06-05T16:06:51Z"	Guidance: Provide number of known passages. If not passaged, put "Not Applicable"..		requires discussion	
GENEPIO:0001256	passage number example	CanCOGeN:passage number example	https://w3id.org/linkml/Example				passage number example		"3"^^xsd:integer	xs:nonNegativeInteger			true							Not Applicable; Missing; Not Collected; Not Provided; Restricted Access	"2021-06-05T16:04:42Z"			requires discussion	
GENEPIO:0001401	pre-existing conditions and risk factors	CanCOGeN:pre-existing conditions and risk factors	DataHarmonizer field - host information	Patient pre-existing conditions and risk factors. 1) Pre-existing condition: A medical condition that existed prior to the current infection. 2) Risk Factor: A variable associated with an increased risk of disease or infection.			pre-existing conditions and risk factors example			multiple					true					Not Applicable; Missing; Not Collected; Not Provided; Restricted Access	"2021-06-06T02:01:27Z"	Guidance: Select all of the pre-existing conditions and risk factors experienced by the host from the pick list. If the desired term is missing, contact the curation team.		requires discussion	
GENEPIO:0001300	pre-existing conditions and risk factors example	CanCOGeN:pre-existing conditions and risk factors example	https://w3id.org/linkml/Example						"Asthma; Pregnancy; Smoking"															requires discussion	
GENEPIO:0001438	prior SARS-CoV-2 antiviral treatment	CanCOGeN:prior SARS-CoV-2 antiviral treatment	DataHarmonizer field - host reinfection information	Whether there was prior SARS-CoV-2 treatment with an antiviral agent.			prior SARS-CoV-2 antiviral treatment example			select										Not Applicable; Missing; Not Collected; Not Provided; Restricted Access	"2021-06-06T03:50:07Z"	Guidance: If known, provide information about whether the individual had a previous SARS-CoV-2 antiviral treatment. Select a value from the pick list.		requires discussion	
GENEPIO:0001439	prior SARS-CoV-2 antiviral treatment agent	CanCOGeN:prior SARS-CoV-2 antiviral treatment agent	DataHarmonizer field - host reinfection information	The name of the antiviral treatment agent administered during the prior SARS-CoV-2 infection.			prior SARS-CoV-2 antiviral treatment agent example			xsd:token											"2021-06-06T03:52:27Z"	Guidance: Provide the name of the antiviral treatment agent administered during the most recent prior infection. If no treatment was administered, put \"No treatment\". If multiple antiviral agents were administered, list them all separated by commas.		requires discussion	
GENEPIO:0001324	prior SARS-CoV-2 antiviral treatment agent example	CanCOGeN:prior SARS-CoV-2 antiviral treatment agent example	https://w3id.org/linkml/Example						"Remdesivir"															requires discussion	
GENEPIO:0001440	prior SARS-CoV-2 antiviral treatment date	CanCOGeN:prior SARS-CoV-2 antiviral treatment date	DataHarmonizer field - host reinfection information	The date treatment was first administered during the prior SARS-CoV-2 infection.			prior SARS-CoV-2 antiviral treatment date example			xsd:date											"2021-06-06T03:55:02Z"	Guidance: Provide the date that the antiviral treatment agent was first administered during the most recenrt prior infection. Provide the prior SARS-CoV-2 treatment date in ISO 8601 standard format \"YYYY-MM-DD\".		requires discussion	
GENEPIO:0001325	prior SARS-CoV-2 antiviral treatment date example	CanCOGeN:prior SARS-CoV-2 antiviral treatment date example	https://w3id.org/linkml/Example						"2021-01-28"															requires discussion	
GENEPIO:0001323	prior SARS-CoV-2 antiviral treatment example	CanCOGeN:prior SARS-CoV-2 antiviral treatment example	https://w3id.org/linkml/Example						"No prior antiviral treatment"															requires discussion	
GENEPIO:0001435	prior SARS-CoV-2 infection	CanCOGeN:prior SARS-CoV-2 infection	DataHarmonizer field - host reinfection information	Whether there was prior SARS-CoV-2 infection.			prior SARS-CoV-2 infection example			select										Not Applicable; Missing; Not Collected; Not Provided; Restricted Access	"2021-06-06T03:40:19Z"	Guidance: If known, provide information about whether the individual had a previous SARS-CoV-2 infection. Select a value from the pick list.		requires discussion	
GENEPIO:0001437	prior SARS-CoV-2 infection date	CanCOGeN:prior SARS-CoV-2 infection date	DataHarmonizer field - host reinfection information	The date of diagnosis of the prior SARS-CoV-2 infection.			prior SARS-CoV-2 infection date example			xsd:date											"2021-06-06T03:47:22Z"	Guidance: Provide the date that the most recent prior infection was diagnosed. Provide the prior SARS-CoV-2 infection date in ISO 8601 standard format \"YYYY-MM-DD\".		requires discussion	
GENEPIO:0001322	prior SARS-CoV-2 infection date example	CanCOGeN:prior SARS-CoV-2 infection date example	https://w3id.org/linkml/Example						"2021-01-23"															requires discussion	
GENEPIO:0001320	prior SARS-CoV-2 infection example	CanCOGeN:prior SARS-CoV-2 infection example	https://w3id.org/linkml/Example						"Yes"															requires discussion	
GENEPIO:0001436	prior SARS-CoV-2 infection isolate	CanCOGeN:prior SARS-CoV-2 infection isolate	DataHarmonizer field - host reinfection information	The identifier of the isolate found in the prior SARS-CoV-2 infection.			prior SARS-CoV-2 infection isolate example			xsd:token											"2021-06-06T03:43:38Z"	Guidance: Provide the isolate name of the most recent prior infection. Structure the \"isolate\" name to be ICTV/INSDC compliant in the following format: \"SARS-CoV-2/host/country/sampleID/date\".		requires discussion	
GENEPIO:0001321	prior SARS-CoV-2 infection isolate example	CanCOGeN:prior SARS-CoV-2 infection isolate example	https://w3id.org/linkml/Example						"SARS-CoV-2/human/USA/CA-CDPH-001/2020"															requires discussion	
GENEPIO:0001198	purpose of sampling	CanCOGeN:purpose of sampling	DataHarmonizer field - sample collection and processing	The reason that the sample was collected.			purpose of sampling example			select		true								Not Applicable; Missing; Not Collected; Not Provided; Restricted Access	"2021-05-05T20:23:41Z"	Guidance: The reason a sample was collected may provide information about potential biases in sampling strategy. Provide the purpose of sampling from the picklist in the template. Most likely, the sample was collected for Diagnostic testing. The reason why a sample was originally collected may differ from the reason why it was selected for sequencing, which should be indicated in the \"purpose of sequencing\" field.		requires discussion	
GENEPIO:0001200	purpose of sampling details	CanCOGeN:purpose of sampling details	DataHarmonizer field - sample collection and processing	The description of why the sample was collected, providing specific details.			purpose of sampling details example			xsd:token		true								Not Applicable; Missing; Not Collected; Not Provided; Restricted Access	"2021-05-05T20:29:50Z"	Guidance: Provide an expanded description of why the sample was collected using free text. The description may include the importance of the sample for a particular public health investigation/surveillance activity/research question. If details are not available, provide a null value.		requires discussion	
GENEPIO:0001199	purpose of sampling details example	CanCOGeN:purpose of sampling details example	https://w3id.org/linkml/Example						The sample was collected to investigate the prevalence of variants associated with mink-to-human transmission in Canada.															requires discussion	
GENEPIO:0001197	purpose of sampling example	CanCOGeN:purpose of sampling example	https://w3id.org/linkml/Example						"Diagnostic testing"															requires discussion	
GENEPIO:0001445	purpose of sequencing	CanCOGeN:purpose of sequencing	DataHarmonizer field - sequencing	The reason that the sample was sequenced.			purpose of sequencing example			multiple		true			true					Not Applicable; Missing; Not Collected; Not Provided; Restricted Access	"2021-06-06T03:59:00Z"	Guidance: The reason why a sample was originally collected may differ from the reason why it was selected for sequencing. The reason a sample was sequenced may provide information about potential biases in sequencing strategy. Provide the purpose of sequencing from the picklist in the template. The reason for sample collection should be indicated in the \"purpose of sampling\" field.		requires discussion	
GENEPIO:0001446	purpose of sequencing details	CanCOGeN:purpose of sequencing details	DataHarmonizer field - sequencing	The description of why the sample was sequenced providing specific details.			purpose of sequencing details example			xsd:token		true								Not Applicable; Missing; Not Collected; Not Provided; Restricted Access	"2021-06-06T04:02:15Z"	Guidance: Provide an expanded description of why the sample was sequenced using free text. The description may include the importance of the sequences for a particular public health investigation/surveillance activity/research question. Suggested standardized descriotions include: Screened for S gene target failure (S dropout), Screened for mink variants, Screened for B.1.1.7 variant, Screened for B.1.135 variant, Screened for P.1 variant, Screened due to travel history, Screened due to close contact with infected individual, Assessing public health control measures, Determining early introductions and spread, Investigating airline-related exposures, Investigating temporary foreign worker, Investigating remote regions, Investigating health care workers, Investigating schools/universities, Investigating reinfection.		requires discussion	
GENEPIO:0001327	purpose of sequencing details example	CanCOGeN:purpose of sequencing details example	https://w3id.org/linkml/Example						"Screened for S gene target failure (S dropout)"															requires discussion	
GENEPIO:0001326	purpose of sequencing example	CanCOGeN:purpose of sequencing example	https://w3id.org/linkml/Example						"Diagnostic testing"															requires discussion	
GENEPIO:0001476	r1 fastq filename	CanCOGeN:r1 fastq filename	DataHarmonizer field - bioinformatics and QC metrics	The user-specified filename of the r1 FASTQ file.						xsd:token			true								"2021-06-06T05:05:51Z"	Guidance: Provide the r1 FASTQ filename.		requires discussion	
GENEPIO:0001351	r1 fastq filename example	CanCOGeN:r1 fastq filename example	https://w3id.org/linkml/Example						"ABC123_S1_L001_R1_001.fastq.gz"															requires discussion	
GENEPIO:0001478	r1 fastq filepath	CanCOGeN:r1 fastq filepath	DataHarmonizer field - bioinformatics and QC metrics	The location of the r1 FASTQ file within a user's file system.						xsd:token											"2021-06-06T05:11:46Z"	Guidance: Provide the filepath for the r1 FASTQ file. This information aids in data management.		requires discussion	
GENEPIO:0001353	r1 fastq filepath example	CanCOGeN:r1 fastq filepath example	https://w3id.org/linkml/Example						"/User/Documents/RespLab/Data/ABC123_S1_L001_R1_001.fastq.gz"															requires discussion	
GENEPIO:0001477	r2 fastq filename	CanCOGeN:r2 fastq filename	DataHarmonizer field - bioinformatics and QC metrics	The user-specified filename of the r2 FASTQ file.						xsd:token			true								"2021-06-06T05:09:13Z"	Guidance: Provide the r2 FASTQ filename.		requires discussion	
GENEPIO:0001352	r2 fastq filename example	CanCOGeN:r2 fastq filename example	https://w3id.org/linkml/Example						"ABC123_S1_L001_R2_001.fastq.gz"															requires discussion	
GENEPIO:0001479	r2 fastq filepath	CanCOGeN:r2 fastq filepath	DataHarmonizer field - bioinformatics and QC metrics	The location of the r2 FASTQ file within a user's file system.						xsd:token											"2021-06-06T15:02:08Z"	Guidance: Provide the filepath for the r2 FASTQ file. This information aids in data management.		requires discussion	
GENEPIO:0001354	r2 fastq filepath example	CanCOGeN:r2 fastq filepath example	https://w3id.org/linkml/Example						"/User/Documents/RespLab/Data/ABC123_S1_L001_R2_001.fastq.gz"															requires discussion	
GENEPIO:0001458	raw sequence data processing method	CanCOGeN:raw sequence data processing method	DataHarmonizer field - bioinformatics and QC metrics	The names of the software and version number used for raw data processing such as removing barcodes, adapter trimming, filtering etc.						xsd:token			true								"2021-06-06T04:34:17Z"	Guidance: Provide the software name followed by the version e.g. Trimmomatic v. 0.38, Porechop v. 0.2.3		requires discussion	
GENEPIO:0001339	raw sequence data processing method example	CanCOGeN:raw sequence data processing method example	https://w3id.org/linkml/Example						"Porechop 0.2.3"															requires discussion	
GENEPIO:0001485	reference genome accession	CanCOGeN:reference genome accession	DataHarmonizer field - bioinformatics and QC metrics	A persistent, unique identifier of a genome database entry.						xsd:token											"2021-06-06T15:20:52Z"	Guidance: Provide the accession number of the reference genome.		requires discussion	
GENEPIO:0001361	reference genome accession example	CanCOGeN:reference genome accession example	https://w3id.org/linkml/Example						"NC_045512.2"															requires discussion	
GENEPIO:0001153	sample collected by	CanCOGeN:sample collected by	DataHarmonizer field - sample collection and processing	The name of the agency that collected the original sample.			GENEPIO:0001152			xsd:token		true								Not Applicable; Missing; Not Collected; Not Provided; Restricted Access	"2021-05-04T05:12:55Z"	Guidance: The name of the sample collector should be written out in full, (with minor exceptions) and be consistent across multple submissions e.g. Public Health Agency of Canada, Public Health Ontario, BC Centre for Disease Control. The sample collector specified is at the discretion of the data provider (i.e. may be hospital, provincial public health lab, or other).		requires discussion	
GENEPIO:0001174	sample collection date	CanCOGeN:sample collection date	DataHarmonizer field - sample collection and processing	The date on which the sample was collected.			sample collection date example			xsd:date		true								Not Applicable; Missing; Not Collected; Not Provided; Restricted Access	"2021-05-05T05:27:36Z"	Guidance: Sample collection date is critical for surveillance and many types of analyses. Required granularity includes year, month and day. If this date is considered identifiable information, it is acceptable to add \"jitter\" by adding or subtracting a calendar day (acceptable by GISAID). Alternatively, ”received date” may be used as a substitute. The date should be provided in ISO 8601 standard format \"YYYY-MM-DD\".		requires discussion	
GENEPIO:0001173	sample collection date example	CanCOGeN:sample collection date example	https://w3id.org/linkml/Example						"2020-03-16"															requires discussion	
GENEPIO:0001177	sample collection date precision	CanCOGeN:sample collection date precision	DataHarmonizer field - sample collection and processing	The precision to which the \"sample collection date\" was provided.			sample collection date precision example			select		true									"2021-05-05T19:51:36Z"	Guidance: Provide the precision of granularity to the \"day\", \"month\", or \"year\" for the date provided in the \"sample collection date\" field. The \"sample collection date\" will be truncated to the precision specified upon export; \"day\" for \"YYYY-MM-DD\", \"month\" for \"YYYY-MM\", or \"year\" for \"YYYY\".		requires discussion	
GENEPIO:0001176	sample collection date precision example	CanCOGeN:sample collection date precision example	https://w3id.org/linkml/Example						"year"															requires discussion	
GENEPIO:0001158	sample collector contact address	CanCOGeN:sample collector contact address	DataHarmonizer field - sample collection and processing	The mailing address of the agency submitting the sample.			sample collector contact address example			xsd:token											"2021-05-04T05:25:17Z"	Guidance: The mailing address should be in the format: Street number and name, City, Province/Territory, Postal Code, Country.		requires discussion	
GENEPIO:0001157	sample collector contact address example	CanCOGeN:sample collector contact address example	https://w3id.org/linkml/Example						"655 Lab St, Vancouver, British Columbia, V5N 2A2, Canada"															requires discussion	
GENEPIO:0001156	sample collector contact email	CanCOGeN:sample collector contact email	DataHarmonizer field - sample collection and processing	The email address of the contact responsible for follow-up regarding the sample.			sample collector contact email example			xsd:token											"2021-05-04T05:19:56Z"	Guidance: The email address can represent a specific individual or lab e.g. johnnyblogs@lab.ca, or RespLab@lab.ca.		requires discussion	
GENEPIO:0001155	sample collector contact email example	CanCOGeN:sample collector contact email example	https://w3id.org/linkml/Example						RespLab@lab.ca															requires discussion	
GENEPIO:0001179	sample received date	CanCOGeN:sample received date	DataHarmonizer field - sample collection and processing	The date on which the sample was received.			sample received date example			xsd:date										Not Applicable; Missing; Not Collected; Not Provided; Restricted Access	"2021-05-05T19:55:31Z"	Guidance: ISO 8601 standard \"YYYY-MM-DD\".		requires discussion	
GENEPIO:0001178	sample received date example	CanCOGeN:sample received date example	https://w3id.org/linkml/Example						2020-03-20															requires discussion	
GENEPIO:0001159	sequence submitted by	CanCOGeN:sequence submitted by	DataHarmonizer field - sample collection and processing	The name of the agency that generated the sequence.			sequence submitted by example			select		true								Not Applicable; Missing; Not Collected; Not Provided; Restricted Access	"2021-05-04T05:28:14Z"	Guidance: The name of the agency should be written out in full, (with minor exceptions) and be consistent across multple submissions. If submitting specimens rather than sequencing data, please put the \"National Microbiology Laboratory (NML)\".		requires discussion	
GENEPIO:0001160	sequence submitted by example	CanCOGeN:sequence submitted by example	https://w3id.org/linkml/Example						"Public Health Ontario (PHO)"															requires discussion	
GENEPIO:0001167	sequence submitter contact address	CanCOGeN:sequence submitter contact address	DataHarmonizer field - sample collection and processing	The mailing address of the agency submitting the sequence.			sequence submitter contact address example			xsd:token											"2021-05-04T05:37:25Z"	Guidance: The mailing address should be in the format: Street number and name, City, Province/Territory, Postal Code, Country		requires discussion	
GENEPIO:0001166	sequence submitter contact address example	CanCOGeN:sequence submitter contact address example	https://w3id.org/linkml/Example						"123 Sunnybrooke St, Toronto, Ontario, M4P 1L6, Canada"															requires discussion	
GENEPIO:0001165	sequence submitter contact email	CanCOGeN:sequence submitter contact email	DataHarmonizer field - sample collection and processing	The email address of the contact responsible for follow-up regarding the sequence.			sequence submitter contact email example			xsd:token											"2021-05-04T05:33:30Z"	Guidance: The email address can represent a specific individual or lab e.g. johnnyblogs@lab.ca, or RespLab@lab.ca.		requires discussion	
GENEPIO:0001161	sequence submitter contact email example	CanCOGeN:sequence submitter contact email example	https://w3id.org/linkml/Example						"RespLab@lab.ca"															requires discussion	
GENEPIO:0001447	sequencing date	CanCOGeN:sequencing date	DataHarmonizer field - sequencing	The date the sample was sequenced.			sequencing date example			xsd:date										Not Applicable; Missing; Not Collected; Not Provided; Restricted Access	"2021-06-06T04:05:23Z"	Guidance: ISO 8601 standard \"YYYY-MM-DD\".		requires discussion	
GENEPIO:0001328	sequencing date example	CanCOGeN:sequencing date example	https://w3id.org/linkml/Example						"2020-06-22"															requires discussion	
GENEPIO:0001452	sequencing instrument	CanCOGeN:sequencing instrument	DataHarmonizer field - sequencing	The model of the sequencing instrument used.			sequencing instrument example			multiple		true			true					Not Applicable; Missing; Not Collected; Not Provided; Restricted Access	"2021-06-06T04:17:50Z"	Guidance: Select a sequencing instrument from the picklist provided in the template.		requires discussion	
GENEPIO:0001333	sequencing instrument example	CanCOGeN:sequencing instrument example	https://w3id.org/linkml/Example						"MinIon"															requires discussion	
GENEPIO:0001455	sequencing kit number	CanCOGeN:sequencing kit number	DataHarmonizer field - sequencing	The manufacturer's kit number.						xsd:token											"2021-06-06T04:26:08Z"	Guidance: Alphanumeric value.		requires discussion	
GENEPIO:0001336	sequencing kit number example	CanCOGeN:sequencing kit number example	https://w3id.org/linkml/Example						"AB456XYZ789"															requires discussion	
GENEPIO:0001454	sequencing protocol	CanCOGeN:sequencing protocol	DataHarmonizer field - sequencing	The protocol used to generate the sequence.			sequencing protocol example			xsd:token											"2021-06-06T04:23:45Z"	Guidance: Provide a free text description of the methods and materials used to generate the sequence. Suggested text, fill in information where indicated. e.g. "Viral sequencing was performed following a tiling amplicon strategy using the <fill in> primer scheme. Sequencing was performed using a <fill in> sequencing instrument. Libraries were prepared using <fill in> library kit."			
GENEPIO:0001454	sequencing protocol	CanCOGeN:sequencing protocol	DataHarmonizer field - sequencing	The protocol used to generate the sequence.						xsd:token											"2021-06-06T04:23:45Z"	Guidance: Provide a free text description of the methods and materials used to generate the sequence. Suggested text, fill in information where indicated.: \"Viral sequencing was performed following a tiling amplicon strategy using the <fill in> primer scheme. Sequencing was performed using a <fill in> sequencing instrument. Libraries were prepared using <fill in> library kit.\"		requires discussion	
GENEPIO:0001335	sequencing protocol example	CanCOGeN:sequencing protocol example	https://w3id.org/linkml/Example						"Genomes were generated through amplicon sequencing of 1200 bp amplicons with Freed schema primers. Libraries were created using Illumina DNA Prep kits, and sequence data was produced using Miseq Micro v2 (500 cycles) sequencing kits."															requires discussion	
GENEPIO:0001453	sequencing protocol name	CanCOGeN:sequencing protocol name	DataHarmonizer field - sequencing	The name and version number of the sequencing protocol used.			sequencing protocol name example			xsd:token			true								"2021-06-06T04:21:01Z"	Guidance: Provide the name and version of the sequencing protocol e.g. 1D_DNA_MinION		requires discussion	
GENEPIO:0001334	sequencing protocol name example	CanCOGeN:sequencing protocol name example	https://w3id.org/linkml/Example						"https://www.protocols.io/view/covid-19-artic-v3-illumina-library-construction-an-bibtkann"															requires discussion	
GENEPIO:0001400	signs and symptoms	CanCOGeN:signs and symptoms	DataHarmonizer field - host information	A perceived change in function or sensation, (loss, disturbance or appearance) indicative of a disease, reported by a patient or clinician.			signs and symptoms example			multiple					true					Not Applicable; Missing; Not Collected; Not Provided; Restricted Access	"2021-06-06T01:58:29Z"	Guidance: Select all of the symptoms experienced by the host from the pick list.		requires discussion	
GENEPIO:0001299	signs and symptoms example	CanCOGeN:signs and symptoms example	https://w3id.org/linkml/Example						"Chills (sudden cold sensation); Cough; Fever"															requires discussion	
GENEPIO:0001123	specimen collector sample ID	CanCOGeN:specimen collector sample ID	DataHarmonizer field - database identifiers	The user-defined name for the sample.			specimen collector sample ID example			xsd:token		true							true	Not Applicable; Missing; Not Collected; Not Provided; Restricted Access	"2021-04-24T00:42:14Z"	Guidance: Store the collector sample ID. If this number is considered identifiable information, provide an alternative ID. Be sure to store the key that maps between the original and alternative IDs for traceability and follow up if necessary. Every collector sample ID from a single submitter must be unique. It can have any format, but we suggest that you make it concise, unique and consistent within your lab.	https://orcid.org/0000-0002-9578-0788	requires discussion	
GENEPIO:0002236	specimen collector sample ID example	CanCOGeN:specimen collector sample ID example	https://w3id.org/linkml/Example						"prov_rona_99"																
GENEPIO:0001253	specimen processing	CanCOGeN:specimen processing	DataHarmonizer field - sample collection and processing	Any processing applied to the sample during or after receiving the sample.			specimen processing example			multiple			true		true					Not Applicable; Missing; Not Collected; Not Provided; Restricted Access	"2021-06-05T05:16:02Z"	Guidance: Critical for interpreting data. Select all the applicable processes from the pick list. If virus was passaged, include information in \"lab host\", \"passage number\", and \"passage method\" fields. If none of the processes in the pick list apply, put "Not Applicable"..		requires discussion	
GENEPIO:0001252	specimen processing example	CanCOGeN:specimen processing example	https://w3id.org/linkml/Example						"Virus passage"															requires discussion	
GENEPIO:0001142	SRA accession	CanCOGeN:SRA accession	DataHarmonizer field - database identifiers	The Sequence Read Archive (SRA) identifier linking raw read data, methodological metadata and quality control metrics submitted to the INSDC.			SRA accession example	SRA accession local name		xsd:token	"https://www.ncbi.nlm.nih.gov/sra"^^xsd:anyURI			UPPER							"2021-04-27T04:19:10Z"	Guidance: Store the accession assigned to the submitted \"run\". NCBI-SRA accessions start with SRR.		requires discussion	
GENEPIO:0001140	SRA accession example	CanCOGeN:SRA accession example	https://w3id.org/linkml/Example						"SRR11177792"															requires discussion	
GENEPIO:0001141	SRA accession local name	CanCOGeN:SRA accession local name	https://w3id.org/linkml/LocalName															http://purl.obolibrary.org/obo/GENEPIO_0000147						requires discussion	
GENEPIO:0001399	symptom onset date	CanCOGeN:symptom onset date	DataHarmonizer field - host information	The date on which the symptoms began or were first noted.			symptom onset date example			xsd:date										Not Applicable; Missing; Not Collected; Not Provided; Restricted Access	"2021-06-06T01:55:32Z"	Guidance: ISO 8601 standard \"YYYY-MM-DD\".		requires discussion	
GENEPIO:0001298	symptom onset date example	CanCOGeN:symptom onset date example	https://w3id.org/linkml/Example						"2020-03-16"															requires discussion	
GENEPIO:0001149	third party lab sample ID	CanCOGeN:third party lab sample ID	DataHarmonizer field - database identifiers	The identifier assigned to a sample by a third party service provider.			third party lab sample ID example			xsd:token	"https://www.switchhealth.ca/en/"^^xsd:anyURI										"2021-04-28T18:51:40Z"	Guidance: Store the identifier supplied by the third party for the sample.		requires discussion	
GENEPIO:0001148	third party lab sample ID example	CanCOGeN:third party lab sample ID example	https://w3id.org/linkml/Example						"SHK123456"															requires discussion	
GENEPIO:0001202	third party lab service provider name	CanCOGeN:third party lab service provider name	DataHarmonizer field - database identifiers	The name of the third party company or laboratory that provided services.			third party lab service provider name example			xsd:token											"2021-05-05T21:02:51Z"	Guidance: Store the sample identifier supplied by the third party services provider.		requires discussion	
GENEPIO:0001201	third party lab service provider name example	CanCOGeN:third party lab service provider name example	https://w3id.org/linkml/Example						"Switch Health"															requires discussion	
GENEPIO:0001416	travel history	CanCOGeN:travel history	DataHarmonizer field - host exposure information	Travel history in last six months.			travel history example			xsd:token											"2021-06-06T03:05:00Z"	Guidance: Specify the countries (and more granular locations if known, separated by a comma) travelled in the last six months; can include multiple travels. Separate multiple travel events with a semi-colon. List most recent travel first.		requires discussion	
GENEPIO:0001314	travel history example	CanCOGeN:travel history example	https://w3id.org/linkml/Example						"Canada, Vancouver; USA, Seattle; Italy, Milan"															requires discussion	
GENEPIO:0001133	umbrella bioproject accession	CanCOGeN:umbrella bioproject accession	DataHarmonizer field - database identifiers	The INSDC accession number assigned to the umbrella BioProject for the Canadian SARS-CoV-2 sequencing effort.			umbrella bioproject accession example			select	"https://www.ncbi.nlm.nih.gov/books/NBK54015/"^^xsd:anyURI			UPPER							"2021-04-27T03:38:14Z"	Guidance: Store the umbrella BioProject accession by selecting it from the picklist in the template. The umbrella BioProject accession will be identical for all CanCOGen submitters. Different provinces will have their own BioProjects, however these BioProjects will be linked under one umbrella BioProject.		requires discussion	
GENEPIO:0001132	umbrella bioproject accession example	CanCOGeN:umbrella bioproject accession example	https://w3id.org/linkml/Example						"PRJNA623807"															requires discussion	
GENEPIO:0001405	vaccine name	CanCOGeN:vaccine name	DataHarmonizer field - host vaccination information	The name of the vaccine.			vaccine name example			xsd:token											"2021-06-06T02:29:12Z"	Guidance: Free text. Provide the name of the vaccine.		requires discussion	
GENEPIO:0001304	vaccine name example	CanCOGeN:vaccine name example	https://w3id.org/linkml/Example						"Pfizer-BioNTech COVID-19 vaccine"															requires discussion	
GENEPIO:0001503	variant designation	CanCOGeN:variant designation	DataHarmonizer field - lineage and variant information	The variant classification of the lineage/clade i.e. variant, variant of concern.						select										Not Applicable; Missing; Not Collected; Not Provided; Restricted Access	"2021-06-06T15:40:46Z"	Guidance: If the lineage/clade is considered a Variant of Concern, select Variant of Concern from the pick list. If the lineage/clade contains mutations of concern (mutations that increase transmission, clincal severity, or other epidemiological fa ctors) but it not a global Variant of Concern, select Variant. If the lineage/clade does not contain mutations of concern, leave blank.		requires discussion	
GENEPIO:0001366	variant designation example	CanCOGeN:variant designation example	https://w3id.org/linkml/Example						"Variant of Concern"															requires discussion	
GENEPIO:0001504	variant evidence	CanCOGeN:variant evidence	DataHarmonizer field - lineage and variant information	The evidence used to make the variant determination.						select										Not Applicable; Missing; Not Collected; Not Provided; Restricted Access	"2021-06-06T15:43:35Z"	Guidance: Select whether the sample was screened using RT-qPCR or by sequencing from the pick list.		requires discussion	
GENEPIO:0001505	variant evidence details	CanCOGeN:variant evidence details	DataHarmonizer field - lineage and variant information	Details about the evidence used to make the variant determination.						xsd:token											"2021-06-06T15:47:56Z"	Guidance: Provide the assay and list the set of lineage-defining mutations used to make the variant determination. If there are mutations of interest/concern observed in addition to lineage-defining mutations, describe those here.		requires discussion	
GENEPIO:0001374	variant evidence details example	CanCOGeN:variant evidence details example	https://w3id.org/linkml/Example						"Lineage-defining mutations: ORF1ab (K1655N), Spike (K417N, E484K, N501Y, D614G, A701V), N (T205I), E (P71L)."															requires discussion	
GENEPIO:0001371	variant evidence example	CanCOGeN:variant evidence example	https://w3id.org/linkml/Example						"RT-qPCR"															requires discussion	
GENEPIO:0001152	test		Named individual																						