Curation Notes	ROBOT Table (for the new term request)	Project	GenEpiO ID	pending replacement term ID	Reported	database cross reference	label	editor preferred term	has curation status	alternative term	definition	definition source	example of usage	term editor	editor note	curator note	ontology term requester	term tracker item	logical type	parent class	function	has part	part of	manufactured by	associated axioms
			ID			AI oboInOwl:hasDbXref SPLIT=|	LABEL	A editor preferred term	AI has curation status	A alternative term SPLIT=|	A definition	A definition source SPLIT=|	A example of usage SPLIT=|	A term editor SPLIT=|	A editor note SPLIT=|	A curator note SPLIT=|		A IAO:0000233 SPLIT=|	CLASS_TYPE	SC % SPLIT=|	C 'has function' some % SPLIT=|	C 'has part' some % SPLIT=|	C 'part of' some %	C is_manufactured_by value %	C % SPLIT=|
Check parent term classes and replace as needed with temporary GENEPIO parent term																									
sample collection - type of sample																									
	OBI NTRs - sample-collection	covid-19		OBI:0002815	Updated	OBI:0002815	food production sample	food production sample			A material sample which is taken from a food production environment.				Planned Obsolescence: this term is a placeholder for a term requested in another ontology. Once the appropriate ontology term is available, this term’s identifier will be obsoleted with a “term replaced by” id of the other term.			https://github.com/obi-ontology/obi/issues/1194		material sample					
	OBI NTRs - sample-collection	covid-19		OBI:0002836	Updated	OBI:0002836	liquid food production sample	liquid food production sample		liquid sample	A food production sample which is aseptically collected and placed in a container.			https://orcid.org/0000-0002-8844-9165	Planned Obsolescence: this term is a placeholder for a term requested in another ontology. Once the appropriate ontology term is available, this term’s identifier will be obsoleted with a “term replaced by” id of the other term.			https://github.com/obi-ontology/obi/issues/1194		food production sample					
	OBI NTRs - sample-collection	covid-19		OBI:0002837	Updated	OBI:0002837	in-process food production sample	in-process food production sample		in-process sample | in-line sample	A food production sample which is a food product taken during food processing.	https://www.law.cornell.edu/cfr/text/21/211.110		https://orcid.org/0000-0002-8844-9165	Planned Obsolescence: this term is a placeholder for a term requested in another ontology. Once the appropriate ontology term is available, this term’s identifier will be obsoleted with a “term replaced by” id of the other term.			https://github.com/obi-ontology/obi/issues/1194		food production sample					
devices																									
	OBI NTRs - Devices	covid-19		OBI:0002801	Updated	OBI:0002801	protected specimen brush	protected specimen brush	requires discussion	PSB	A specimen collection device which is an encapsulated brush which can be positioned at a sample location, exposed, and then sealed before extraction.	https://erj.ersjournals.com/content/erj/9/7/1494.full.pdf		https://orcid.org/0000-0002-8844-9165	Planned Obsolescence: this term is a placeholder for a term requested in another ontology. Once the appropriate ontology term is available, this term’s identifier will be obsoleted with a “term replaced by” id of the other term.					specimen collection device					
	OBI NTRs - Devices	covid-19		OBI:0002825	Updated	OBI:0002825	fibrobronchoscope brush	fibrobronchoscope brush	requires discussion		A protected specimen brush which is used during a fibrobronchoscope biopsy to collect a sample.	https://erj.ersjournals.com/content/erj/9/7/1494.full.pdf		https://orcid.org/0000-0002-8844-9165	Planned Obsolescence: this term is a placeholder for a term requested in another ontology. Once the appropriate ontology term is available, this term’s identifier will be obsoleted with a “term replaced by” id of the other term.					protected specimen brush					
	OBI NTRs - Devices	covid-19		OBI:0002826	Updated	OBI:0002826	bronchoscope	bronchoscope	requires discussion		A device which is a thin, tube-like instrument which includes a light and a lens used to examine a lung.	http://purl.obolibrary.org/obo/NCIT_C17611 | https://en.wikipedia.org/wiki/Bronchoscopy		https://orcid.org/0000-0002-8844-9165	Planned Obsolescence: this term is a placeholder for a term requested in another ontology. Once the appropriate ontology term is available, this term’s identifier will be obsoleted with a “term replaced by” id of the other term.			https://github.com/obi-ontology/obi/issues/1194		device					
	OBI NTRs - Devices	covid-19		OBI:0002827	Updated	OBI:0002827	fine needle	fine needle	requires discussion		A needle which is hollow and thin.	https://en.wikipedia.org/wiki/Fine-needle_aspiration	A typical fine needle has a 23–25 gauge diameter and 0.52 to 0.64 mm outer diameter.	https://orcid.org/0000-0002-8844-9165	Planned Obsolescence: this term is a placeholder for a term requested in another ontology. Once the appropriate ontology term is available, this term’s identifier will be obsoleted with a “term replaced by” id of the other term.			https://github.com/obi-ontology/obi/issues/1194		needle					
	OBI NTRs - Devices	covid-19		OBI:0002830	Updated	OBI:0002830	catheter	catheter	requires discussion	catheter device	A device which is a flexible tube inserted into a body and which enables transfer of fluids into or out of a body.	http://purl.obolibrary.org/obo/NCIT_C49755 | http://purl.obolibrary.org/obo/SCDO_0000190		https://orcid.org/0000-0002-9578-0788	Planned Obsolescence: this term is a placeholder for a term requested in another ontology. Once the appropriate ontology term is available, this term’s identifier will be obsoleted with a “term replaced by” id of the other term.					device					
	OBI NTRs - Devices	covid-19		OBI:0002831	Updated	OBI:0002831	suction catheter	suction catheter	requires discussion		A catheter which is used to remove mucus and other secretions from the body.	OBI		https://orcid.org/0000-0002-8844-9165	Planned Obsolescence: this term is a placeholder for a term requested in another ontology. Once the appropriate ontology term is available, this term’s identifier will be obsoleted with a “term replaced by” id of the other term.					catheter					
	OBI NTRs - Devices	covid-19		OBI:0002833	Updated	OBI:0002833	plastic vial	plastic vial	requires discussion		A vial which is made of plastic.	OBI		https://orcid.org/0000-0002-8844-9165	Planned Obsolescence: this term is a placeholder for a term requested in another ontology. Once the appropriate ontology term is available, this term’s identifier will be obsoleted with a “term replaced by” id of the other term.					vial					
	OBI NTRs - Devices	covid-19		OBI:0002834	Updated	OBI:0002834	glass vial	glass vial	requires discussion		A vial which is made of glass.	OBI		https://orcid.org/0000-0002-8844-9165	Planned Obsolescence: this term is a placeholder for a term requested in another ontology. Once the appropriate ontology term is available, this term’s identifier will be obsoleted with a “term replaced by” id of the other term.					vial					
Ready (pre-OBI final review)	OBI NTRs - Devices	covid-19	GENEPIO:0100027	OBI:0003451	Updated	OBI:0003451	swab	swab	requires discussion		A device which is a soft, absorbent material mounted on one or both ends of a stick.			https://orcid.org/0000-0002-8395-2570	Planned Obsolescence: this term is a placeholder for a term requested in another ontology. Once the appropriate ontology term is available, this term’s identifier will be obsoleted with a “term replaced by” id of the other term.					device					
Ready (pre-OBI final review)	OBI NTRs - Devices		GENEPIO:0100658	OBI:0003452	Updated	OBI:0003452	wet wipe	wet wipe	requires discussion		A small moistened piece of plastic or cloth fabric.	https://en.wikipedia.org/wiki/Wet_wipe		https://orcid.org/0000-0002-8395-2570	Planned Obsolescence: this term is a placeholder for a term requested in another ontology. Once the appropriate ontology term is available, this term’s identifier will be obsoleted with a “term replaced by” id of the other term.					surface wipe					
Ready (pre-OBI final review)	OBI NTRs - Devices		GENEPIO:0100025	OBI:0003453	Updated	OBI:0003453	personal protective gown	personal protective gown	requires discussion	protective gown | personal protective equipment gown | PPE gown	A personal protective clothing item which is a gown worn in order to provide a barrier between a person and the external environment.	Rhiannon Cameron		https://orcid.org/0000-0002-9578-0788	Planned Obsolescence: this term is a placeholder for a term requested in another ontology. Once the appropriate ontology term is available, this term’s identifier will be obsoleted with a “term replaced by” id of the other term.					personal protective clothing item					
devices - specimen container																									
Update from ROBOT NTR	OBI NTRs - Devices	covid-19		OBI:0002838	Updated	OBI:0002838|GENEPIO:0002122	labeled sterile leakproof specimen bag	labeled sterile leakproof specimen bag	requires discussion		A specimen container which is a strong sterile bag which has an airtight, leakproof seal and labelling area.	FIND OUT ABOUT STERILIZATION PROCESS/STANDARD??? vs Benchtop		https://orcid.org/0000-0002-8844-9165	Planned Obsolescence: this term is a placeholder for a term requested in another ontology. Once the appropriate ontology term is available, this term’s identifier will be obsoleted with a “term replaced by” id of the other term.					specimen container					
Update from ROBOT NTR	OBI NTRs - Devices	covid-19		OBI:0002839	Updated	OBI:0002839|NCIT:C103245|OBIB:0000031	cryogenic vial	cryogenic vial	requires discussion	cryovial	A specimen container which is a vial used to store a specimen in a cryopreservative at very low temperature.	http://purl.obolibrary.org/obo/OBIB_0000031		https://orcid.org/0000-0002-8844-9165	Planned Obsolescence: this term is a placeholder for a term requested in another ontology. Once the appropriate ontology term is available, this term’s identifier will be obsoleted with a “term replaced by” id of the other term.					specimen container					
Update from ROBOT NTR	OBI NTRs - Devices	covid-19		OBI:0002840	Updated	OBI:0002840|OBIB:0000032	vacutainer	vacutainer	requires discussion		A specimen container which is a vial with a closure that has been evacuated to create a vacuum inside the vial facilitating the draw of a predetermined volume of liquid.	http://purl.obolibrary.org/obo/OBIB_0000032	A vacutainer is most commonly used to draw a blood sample directly from the vein. It is also used to collect urine samples. A vacutainer tube may contain additives designed to stabilize and preserve the specimen prior to analytical testing.	Jie Zheng|Chris Stoeckert	Planned Obsolescence: this term is a placeholder for a term requested in another ontology. Once the appropriate ontology term is available, this term’s identifier will be obsoleted with a “term replaced by” id of the other term.					specimen container					
Update from ROBOT NTR	OBI NTRs - Devices	covid-19		OBI:0002841	Updated	OBI:0002841|OBIB:0000234	PAXgene DNA vacutainer	PAXgene DNA vacutainer	requires discussion		A vacutainer developed by PreAnalytiX that is designed to collect whole blood sample for extraction of high quality DNA.	http://purl.obolibrary.org/obo/OBIB_0000234	A PAXgene DNA vacutainer may be used to provide samples for use with molecular diagnostic test methods that require DNA.	https://orcid.org/0000-0002-8844-9165	Planned Obsolescence: this term is a placeholder for a term requested in another ontology. Once the appropriate ontology term is available, this term’s identifier will be obsoleted with a “term replaced by” id of the other term.					vacutainer					
	OBI NTRs - Devices	covid-19		OBI:0002842	Updated	OBI:0002842|OBIB:0000235	PAXgene RNA vacutainer	PAXgene RNA vacutainer	requires discussion		A vacutainer developed by PreAnalytiX designed to collect whole blood sample for extraction of high quality RNA.	http://purl.obolibrary.org/obo/OBIB_0000235		https://orcid.org/0000-0002-8844-9165	Planned Obsolescence: this term is a placeholder for a term requested in another ontology. Once the appropriate ontology term is available, this term’s identifier will be obsoleted with a “term replaced by” id of the other term.					vacutainer					
	OBI NTRs - Devices	covid-19		OBI:0002843	Updated	OBI:0002843	specimen collection tube	specimen collection tube	requires discussion		A specimen container which is a tube with a cap designed to hold specimen material.	http://www.pathology.uci.edu/services/specimen-containers.asp		https://orcid.org/0000-0002-8844-9165	Planned Obsolescence: this term is a placeholder for a term requested in another ontology. Once the appropriate ontology term is available, this term’s identifier will be obsoleted with a “term replaced by” id of the other term.			https://github.com/obi-ontology/obi/issues/1194		specimen container					
Update from ROBOT NTR	OBI NTRs - Devices			OBI:0002844	Updated	OBI:0002844	gold-top serum separator tube	gold-top serum separator tube	requires discussion		A specimen collection tube which contains a clot activator and serum gel separator.	http://www.pathology.uci.edu/services/specimen-containers.asp	A gold-top serum separator tube is used for various chemistry, serology, and immunology tests.	https://orcid.org/0000-0002-8844-9165	Planned Obsolescence: this term is a placeholder for a term requested in another ontology. Once the appropriate ontology term is available, this term’s identifier will be obsoleted with a “term replaced by” id of the other term.					specimen collection tube					
Update from ROBOT NTR	OBI NTRs - Devices			OBI:0002845	Updated	OBI:0002845	red-top tube	red-top tube| SYNONYMOUS WITH SERUM COLLECTION TUBE	requires discussion	SST|red-top tube	A vacutainer which contains a clot activator but no anticoagulants, preservatives, or separator material.	http://www.pathology.uci.edu/services/specimen-containers.asp	A red-top tube is used for collection of serum for selected laboratory tests.	https://orcid.org/0000-0002-8844-9165	Planned Obsolescence: this term is a placeholder for a term requested in another ontology. Once the appropriate ontology term is available, this term’s identifier will be obsoleted with a “term replaced by” id of the other term.					vacutainer					
Update from ROBOT NTR	OBI NTRs - Devices			OBI:0002846	Updated	OBI:0002846	plastic red-top tube	plastic red-top tube	requires discussion		A red-top tube which is made of plastic.	http://www.pathology.uci.edu/services/specimen-containers.asp		https://orcid.org/0000-0002-8844-9165	Planned Obsolescence: this term is a placeholder for a term requested in another ontology. Once the appropriate ontology term is available, this term’s identifier will be obsoleted with a “term replaced by” id of the other term.					red-top tube					
Update from ROBOT NTR	OBI NTRs - Devices			OBI:0002847	Updated	OBI:0002847	glass red-top tube	glass red-top tube	requires discussion		A red-top tube which is made of glass.	http://www.pathology.uci.edu/services/specimen-containers.asp		https://orcid.org/0000-0002-8844-9165	Planned Obsolescence: this term is a placeholder for a term requested in another ontology. Once the appropriate ontology term is available, this term’s identifier will be obsoleted with a “term replaced by” id of the other term.					red-top tube					
Update from ROBOT NTR	OBI NTRs - Devices			OBI:0002848	Updated	OBI:0002848|OBIB:0000233	pink-top tube	pink-top tube (EDTA)	requires discussion	ISSUE: SYNONYMY for EDTA anticoagulant tube just like lavender-top tube; possibly targeted for blood bank usage.	A specimen collection tube which contains EDTA as an anticoagulant.	http://www.pathology.uci.edu/services/specimen-containers.asp	Pink-top tubes are preferred for blood bank tests.	https://orcid.org/0000-0002-8844-9165	Planned Obsolescence: this term is a placeholder for a term requested in another ontology. Once the appropriate ontology term is available, this term’s identifier will be obsoleted with a “term replaced by” id of the other term.					specimen collection tube					
Update from ROBOT NTR	OBI NTRs - Devices			OBI:0002849	Updated	OBI:0002849	light green-top tube	light green-top tube	requires discussion		A specimen collection tube which contains lithium heparin and gel separator.	http://www.pathology.uci.edu/services/specimen-containers.asp	A light-green-top tube is used for the collection of heparinized plasma for routine chemistry tests.	https://orcid.org/0000-0002-8844-9165	Planned Obsolescence: this term is a placeholder for a term requested in another ontology. Once the appropriate ontology term is available, this term’s identifier will be obsoleted with a “term replaced by” id of the other term.					specimen collection tube					
Update from ROBOT NTR	OBI NTRs - Devices			OBI:0002850	Updated	OBI:0002850	dark green-top tube	dark green-top tube	requires discussion		A specimen collection tube which contains sodium heparin.	http://www.pathology.uci.edu/services/specimen-containers.asp	A dark green-top tube used for the collection of heparinized plasma or whole blood for special tests	https://orcid.org/0000-0002-8844-9165	Planned Obsolescence: this term is a placeholder for a term requested in another ontology. Once the appropriate ontology term is available, this term’s identifier will be obsoleted with a “term replaced by” id of the other term.					specimen collection tube					
Update from ROBOT NTR	OBI NTRs - Devices			OBI:0002851	Updated	OBI:0002851	grey-top tube	grey-top tube	requires discussion		A specimen collection tube which contains potassium oxalate as an anticoagulant and sodium fluoride as a preservative.	http://www.pathology.uci.edu/services/specimen-containers.asp	A grey-top tube is used to preserve glucose in whole blood and for some special chemistry tests.	https://orcid.org/0000-0002-8844-9165	Planned Obsolescence: this term is a placeholder for a term requested in another ontology. Once the appropriate ontology term is available, this term’s identifier will be obsoleted with a “term replaced by” id of the other term.					specimen collection tube					
Update from ROBOT NTR	OBI NTRs - Devices			OBI:0002852	Updated	OBI:0002852	lavender-top tube (EDTA)	? Dan will work on label to reflect process tube is designed to support.	requires discussion	lavender-top tube (EDTA): STOPS COAGULATION SO THAT COAGULATION TEST CAN BE DONE AT LAB	A specimen collection tube which containins EDTA as an anticoagulant.	http://www.pathology.uci.edu/services/specimen-containers.asp	A lavender-top tube (EDTA) is used for most hematological procedures, and preferred for molecular tests.	https://orcid.org/0000-0002-8844-9165	Planned Obsolescence: this term is a placeholder for a term requested in another ontology. Once the appropriate ontology term is available, this term’s identifier will be obsoleted with a “term replaced by” id of the other term.					specimen collection tube					
Update from ROBOT NTR	OBI NTRs - Devices			OBI:0002853	Updated	OBI:0002853	royal blue-top tube	royal blue-top tube	requires discussion		A specimen collection tubemanufactured by Monoject®	http://www.pathology.uci.edu/services/specimen-containers.asp	A royal blue-top tube is used in the collection of whole blood or serum for trace element analysis.	https://orcid.org/0000-0002-8844-9165	Planned Obsolescence: this term is a placeholder for a term requested in another ontology. Once the appropriate ontology term is available, this term’s identifier will be obsoleted with a “term replaced by” id of the other term.					specimen collection tube					
Update from ROBOT NTR	OBI NTRs - Devices			OBI:0002854	Updated	OBI:0002854	yellow-top tube	yellow-top tube	requires discussion		A specimen collection tube which contains acid citrate dextrose  (ACD).	http://www.pathology.uci.edu/services/specimen-containers.asp	A yellow-top tube is used for the collection of whole blood for special tests.	https://orcid.org/0000-0002-8844-9165	Planned Obsolescence: this term is a placeholder for a term requested in another ontology. Once the appropriate ontology term is available, this term’s identifier will be obsoleted with a “term replaced by” id of the other term.					specimen collection tube					
Update from ROBOT NTR	OBI NTRs - Devices			OBI:0002855	Updated	OBI:0002855	pearl white-top tube	pearl white-top tube	requires discussion	ACD	A specimen collection tube which contains EDTA and a special polyester material.	http://www.pathology.uci.edu/services/specimen-containers.asp	A pearl white-top tube is used for the collection of plasma for molecular (PCR) tests.	https://orcid.org/0000-0002-8844-9165	Planned Obsolescence: this term is a placeholder for a term requested in another ontology. Once the appropriate ontology term is available, this term’s identifier will be obsoleted with a “term replaced by” id of the other term.					specimen collection tube					
Update from ROBOT NTR	OBI NTRs - Devices	covid-19		OBI:0002856	Updated	OBI:0002856|GENEPIO:0002121	specimen collection tube containing antimicrobial	specimen collection tube containing antimicrobial	requires discussion	plasma preparation tube|PPT	A specimen collection tube which contains an antimicrobial agent.			https://orcid.org/0000-0002-8844-9165	Planned Obsolescence: this term is a placeholder for a term requested in another ontology. Once the appropriate ontology term is available, this term’s identifier will be obsoleted with a “term replaced by” id of the other term.			https://github.com/obi-ontology/obi/issues/1194		specimen collection tube					
Update from ROBOT NTR	OBI NTRs - Devices	covid-19		OBI:0002857	Updated	OBI:0002857|GENEPIO:0002120	tube containing media or preservative	tube containing growth media	requires discussion		A specimen collection tube which contains growth media.			https://orcid.org/0000-0002-8844-9165	Planned Obsolescence: this term is a placeholder for a term requested in another ontology. Once the appropriate ontology term is available, this term’s identifier will be obsoleted with a “term replaced by” id of the other term.					specimen collection tube					
Update from ROBOT NTR	OBI NTRs - Devices	covid-19			Updated		tube containing preservative	tube containing preservative	requires discussion	OBI USE?	A specimen collection tube which contains a preservative.				Planned Obsolescence: this term is a placeholder for a term requested in another ontology. Once the appropriate ontology term is available, this term’s identifier will be obsoleted with a “term replaced by” id of the other term.					specimen collection tube					
Update from ROBOT NTR	OBI NTRs - Devices	covid-19		OBI:0002858	Updated	OBI:0002858	microcapillary tube	microcapillary tube	requires discussion		A specimen collection tube with a very narrow diameter designed to hold a liquid by capillary action.			https://orcid.org/0000-0002-8844-9165	Planned Obsolescence: this term is a placeholder for a term requested in another ontology. Once the appropriate ontology term is available, this term’s identifier will be obsoleted with a “term replaced by” id of the other term.			https://github.com/obi-ontology/obi/issues/1194		specimen collection tube					
Update from ROBOT NTR	OBI NTRs - Devices	covid-19		OBI:0002859	Updated	OBI:0002859|NCIT:C113122	whole blood collection tube	whole blood collection tube	requires discussion	blood collection tube|blood collection bottle|blood collection vial	A specimen collection tube which is designed for the collection of whole blood. See also: https://en.wikipedia.org/wiki/Blood_culture#Collection	http://purl.obolibrary.org/obo/NCIT_C113122		https://orcid.org/0000-0002-8844-9165	Planned Obsolescence: this term is a placeholder for a term requested in another ontology. Once the appropriate ontology term is available, this term’s identifier will be obsoleted with a “term replaced by” id of the other term.			https://github.com/obi-ontology/obi/issues/1194		specimen collection tube					
Update from ROBOT NTR	OBI NTRs - Devices	covid-19		OBI:0002860	Updated	OBI:0002860|NCIT:C113675	serum collection tube	serum collection tube	requires discussion		A specimen collection tube which is designed for collecting whole blood and enabling the separation of serum.			https://orcid.org/0000-0002-8844-9165	Planned Obsolescence: this term is a placeholder for a term requested in another ontology. Once the appropriate ontology term is available, this term’s identifier will be obsoleted with a “term replaced by” id of the other term.			https://github.com/obi-ontology/obi/issues/1194		specimen collection tube					
Update from ROBOT NTR	OBI NTRs - Devices	covid-19		OBI:0002861	Updated	OBI:0002861	sputum collection tube	sputum collection tube	requires discussion		A specimen collection tube which is designed for collecting sputum.	https://www.fishersci.com/us/en/browse/90227125/sputum-specimen-collection		https://orcid.org/0000-0002-8844-9165	Planned Obsolescence: this term is a placeholder for a term requested in another ontology. Once the appropriate ontology term is available, this term’s identifier will be obsoleted with a “term replaced by” id of the other term.			https://github.com/obi-ontology/obi/issues/1194		specimen collection tube					
Update from ROBOT NTR	OBI NTRs - Devices	covid-19		OBI:0002862	Updated	OBI:0002862	urine specimen container	urine specimen container	requires discussion	urine collection tube	A specimen container which is designed for holding urine.			https://orcid.org/0000-0002-8844-9165	Planned Obsolescence: this term is a placeholder for a term requested in another ontology. Once the appropriate ontology term is available, this term’s identifier will be obsoleted with a “term replaced by” id of the other term.			https://github.com/obi-ontology/obi/issues/1194		specimen container					
specimen storage																									
	OBI NTRs - Data	covid-19	GENEPIO:0100592	OBI:0002863	Updated	OBI:0002863|MIXS:0000116	specimen storage duration	specimen storage duration	ready for release	sample storage duration	A data item which is a duration for which a specimen is stored before analysis.	http://gensc.org/ns/mixs/samp_store_dur		https://orcid.org/0000-0002-8844-9165			GENEPIO	https://github.com/obi-ontology/obi/issues/1577		data item					
	OBI NTRs - Data	covid-19	GENEPIO:0100593	OBI:0002864	Updated	OBI:0002864|MIXS:0000110	specimen storage temperature	specimen storage temperature	ready for release	sample storage temperature	A data item which is a temperature at which a specimen is stored.	http://gensc.org/ns/mixs/samp_store_temp	The refrigerator provided a sample storage temperature of -80 degree Celsius	https://orcid.org/0000-0002-8844-9165			GENEPIO	https://github.com/obi-ontology/obi/issues/1577		data item					
	OBI NTRs - Data	covid-19	GENEPIO:0100594	OBI:0002865	Updated	OBI:0002865|MIXS:0000755	specimen storage location	specimen storage location	ready for release	sample storage location	A data item which indicates the location where a specimen is stored, usually of a room or freezer.	http://gensc.org/ns/mixs/samp_store_loc	molecular lab was recorded as the sample storage location.	https://orcid.org/0000-0002-8844-9165			GENEPIO	https://github.com/obi-ontology/obi/issues/1577		data item					
FROM Corona19	OBI NTRs - General	covid-19	GENEPIO:0100614	OBI:0002866	Updated	OBI:0002866	virus transport medium	virus transport medium	ready for release		A processed material which is a medium designed to promote longevity of a viral sample.			https://orcid.org/0000-0002-8844-9165	Planned Obsolescence: this term is a placeholder for a term requested in another ontology. Once the appropriate ontology term is available, this term’s identifier will be obsoleted with a “term replaced by” id of the other term.			https://github.com/obi-ontology/obi/issues/1194		processed material					
gene detection output																									
	OBI NTRs - Data	covid-19	GENEPIO:0100595	OBI:0002874	Updated	OBI:0002874	sequence file name	sequence file name	ready for release	input file name	A sequence data item which is the name of a file containing molecular sequence data.	Emma Griffiths	The sequence data for "Zika virus envelope protein (E) gene, partial cds" is stored in a file named "AF372422-1.fasta".	https://orcid.org/0000-0002-1107-9135|https://orcid.org/0000-0002-9578-0788			GENEPIO	https://github.com/obi-ontology/obi/issues/1579		sequence data					
	OBI NTRs - Data	covid-19	GENEPIO:0100596	OBI:0002875	Updated	OBI:0002875	contig number identifier	contig number identifier	ready for release	contig ID | contig identifier	A sequence data which specifies a particular contig in a sequence collection.	Emma Griffiths	When a new genome is sequenced, it is constructed from a series of overlapping sequences known as contigs. Each contig receives an identifier code that contains a unique numerical identifier, in addition to project and assembly information, to differentiate an individual contig from others within a squence collection.	https://orcid.org/0000-0002-1107-9135|https://orcid.org/0000-0002-9578-0788			GENEPIO	https://github.com/obi-ontology/obi/issues/1579		sequence data					
	OBI NTRs - Data	covid-19	GENEPIO:0100597	OBI:0002876	Updated	OBI:0002876	genomic orientation	genomic orientation	ready for release	strand | strand orientation	A sequence data which is the orientation of a genomic element on a double stranded molecule.	http://purl.obolibrary.org/obo/NCIT_C48673	The "123" gene ORF is oriented in the 5' -> 3' direction on the DNA sense (coding) strand.	https://orcid.org/0000-0002-1107-9135|https://orcid.org/0000-0002-9578-0788			GENEPIO	https://github.com/obi-ontology/obi/issues/1579		sequence data					
is about' some gene	OBI NTRs - Data	covid-19	GENEPIO:0100598	OBI:0002877	Updated	OBI:0002877	gene symbol	gene symbol	ready for release		A sequence data which is the short name of a gene typically derived from the gene name.	http://edamontology.org/data_1026	gyrA	https://orcid.org/0000-0002-1107-9135|https://orcid.org/0000-0002-9578-0788			GENEPIO	https://github.com/obi-ontology/obi/issues/1579		sequence data|symbol					
is about' some gene	OBI NTRs - Data	covid-19	GENEPIO:0100599	OBI:0002878	Updated	OBI:0002878	gene name	gene name	ready for release		A sequence data which is the name of a gene (typically) assigned by a person and/or according to a naming scheme.	http://edamontology.org/data_2299	Gyrase A	https://orcid.org/0000-0002-1107-9135|https://orcid.org/0000-0002-9578-0788			GENEPIO	https://github.com/obi-ontology/obi/issues/1579		sequence data|textual entity					
	OBI NTRs - Data	covid-19	GENEPIO:0002137	OBI:0002879	Updated	OBI:0002879	breadth of coverage	breadth of coverage	ready for release		A data item which is the amount of a reference sequence covered by a sequence of interest.	Emma Griffiths	Eighty percent of the reference genome was covered by sequence fragments with a coverage depth of 4X; therefore, the breadth of coverage was 80% (4:5).	https://orcid.org/0000-0002-1107-9135			GENEPIO	https://github.com/obi-ontology/obi/issues/1579		sequence data					
	OBI NTRs - Data	covid-19	GENEPIO:0100600	OBI:0002880	Updated	OBI:0002880	breadth of coverage percentage	breadth of coverage percentage	ready for release	coverage (breadth) | % coverage (breadth) | breadth of coverage %	A data item which is breadth of coverage datum as a percentage.	Emma Griffiths	The breadth of coverage of the sequence of interest to the reference sequence was 75%.	https://orcid.org/0000-0002-1107-9135|https://orcid.org/0000-0002-9578-0788			GENEPIO	https://github.com/obi-ontology/obi/issues/1579		breadth of coverage					
	OBI NTRs - Data	covid-19	GENEPIO:0100601	OBI:0002881	Updated	OBI:0002881	breadth of coverage ratio	breadth of coverage ratio	ready for release		A data item which is breadth of coverage datum as a ratio.	Emma Griffiths	The breadth of coverage of the sequence of interest to the reference sequence was 3:4.	https://orcid.org/0000-0002-1107-9135|https://orcid.org/0000-0002-9578-0788			GENEPIO	https://github.com/obi-ontology/obi/issues/1579		breadth of coverage					
	OBI NTRs - Data	covid-19	GENEPIO:0100602	OBI:0002882	Updated	OBI:0002882	sequence identity percentage	sequence identity percentage	ready for release		A data item which is the number of matches (identical characters) in positions from an alignment of two molecular sequences as a percentage.	http://edamontology.org/data_1412	The BLAST results for two sequences of interest resulted in a sequence identity of 50%; i.e. only 50% of the sequences matched in both nucleotide content and corresponding positions when performing a theoretically optimal local alignment.	https://orcid.org/0000-0002-1107-9135|https://orcid.org/0000-0002-9578-0788			GENEPIO	https://github.com/obi-ontology/obi/issues/1579		sequence data					
	OBI NTRs - Data	covid-19	GENEPIO:0100603	OBI:0002883	Updated	OBI:0002883	reference database name	reference database name	ready for release		A data item which is an identifier of a reference bioinformatics database.	http://edamontology.org/data_1048	I used the NCBI reference sequence "RefSeq" database as a reference database for the identification and characterization of novel prokaryote sequences.	https://orcid.org/0000-0002-1107-9135|https://orcid.org/0000-0002-9578-0788	See editor note of http://purl.obolibrary.org/obo/IAO_0000650		GENEPIO	https://github.com/obi-ontology/obi/issues/1579		textual entity | sequence data					
	OBI NTRs - Data	covid-19	GENEPIO:0100604	OBI:0003499	Updated	OBI:0003499	reference sequence	reference sequence	ready for release		A sequence data which is any sequence that is used as a basis for comparison against another sequence.	Emma Griffiths	The reference SARS-CoV-2 genome provided a basis for the design of PCR primers and probes to be utilized in SARS-CoV-2 detection.	https://orcid.org/0000-0002-1107-9135|https://orcid.org/0000-0002-9578-0788			GENEPIO	https://github.com/obi-ontology/obi/issues/1579		sequence data					
	OBI NTRs - Data	covid-19	GENEPIO:0100605	OBI:0003500	Updated	OBI:0003500	accession number	accession number	ready for release	accession identifier	A unique identifier given to a sequence record to allow for tracking of different versions of that sequence record and the associated sequence over time in a single data repository.	https://en.wikipedia.org/wiki/Accession_number_(bioinformatics)	A sequence Accession number without a version suffix always refers to the latest version of the sequence.	https://orcid.org/0000-0002-1107-9135			GENEPIO	https://github.com/obi-ontology/obi/issues/1579		centrally registered identifier symbol					
	OBI NTRs - Data	covid-19	GENEPIO:0100606	OBI:0002885	Updated	OBI:0002885	reference sequence accession number	reference sequence accession number	ready for release	reference accession | reference sequence accession identifier	A centrally registered identifier symbol that specifies an individual sequence record in a public sequence repository and used as a basis for comparison against another sequence.	Emma Griffiths	The "Homo sapiens DRD2 mRNA" sequence has the NCBI reference sequence identifier NM_000795.	https://orcid.org/0000-0002-1107-9135|https://orcid.org/0000-0002-9578-0788			GENEPIO	https://github.com/obi-ontology/obi/issues/1579		accession number					
	OBI NTRs - Data	covid-19	GENEPIO:0100607	OBI:0002886	Updated	OBI:0002886	sequence length measurement datum	sequence length measurement datum	ready for release		A length measurement datum which is the number of base pairs in a sequence.	Emma Griffiths	The sequence length measurement datum for the Zika virus E protein gene (AF372422.1) is 830 bp.	https://orcid.org/0000-0002-1107-9135|https://orcid.org/0000-0002-9578-0788			GENEPIO	https://github.com/obi-ontology/obi/issues/1579		length measurement datum | sequence data					
	OBI NTRs - Data	covid-19	GENEPIO:0100608	OBI:0002887	Updated	OBI:0002887	reference sequence length measurement datum	reference sequence length measurement datum	ready for release		A sequence length measurement datum which describes the number of base pairs of a reference sequence.	Emma Griffiths	The sequence length measurment datum for the SARS-CoV-2 reference sequence (NC_045512.2) is 29903 bp.	https://orcid.org/0000-0002-1107-9135|https://orcid.org/0000-0002-9578-0788			GENEPIO	https://github.com/obi-ontology/obi/issues/1579		sequence length measurement datum					
	OBI NTRs - Data	covid-19	GENEPIO:0100609	OBI:0002888	Updated	OBI:0002888	reference gene sequence length datum	reference gene sequence length datum	ready for release	reference gene length	A reference sequence length measurement datum which describes the number of base pairs of a gene retrieved from a reference sequence.	Emma Griffiths	The sequence length measurment datum for the SARS-CoV-2 reference sequence (NC_045512.2) ORF1ab gene (43740578) is 21289 bp.	https://orcid.org/0000-0002-1107-9135|https://orcid.org/0000-0002-9578-0788			GENEPIO	https://github.com/obi-ontology/obi/issues/1579		reference sequence length measurement datum					
	OBI NTRs - Data	covid-19	GENEPIO:0100610	OBI:0002889	Updated	OBI:0002889	reference protein sequence length datum	reference protein sequence length datum	ready for release	reference protein length	A reference sequence length measurement datum which describes the number of positions of a reference protein.	Emma Griffiths	The sequence length measurment datum for the SARS-CoV-2 reference sequence (NC_045512.2) nps13_ZBD protein (YP_009725308.1) is 1802 bp.	https://orcid.org/0000-0002-1107-9135|https://orcid.org/0000-0002-9578-0788			GENEPIO	https://github.com/obi-ontology/obi/issues/1579		reference sequence length measurement datum					
	OBI NTRs - Data	covid-19	GENEPIO:0100611	OBI:0002890	Updated	OBI:0002890	input sequence length measurement datum	input sequence length measurement datum	ready for release		A sequence length measurement datum about a input sequence being analyzed.	Emma Griffiths	701bp	https://orcid.org/0000-0002-1107-9135|https://orcid.org/0000-0002-9578-0788			GENEPIO	https://github.com/obi-ontology/obi/issues/1579		sequence length measurement datum					
	OBI NTRs - Data	covid-19	GENEPIO:0100612	OBI:0002891	Updated	OBI:0002891	input gene sequence length measurement datum	input gene sequence length measurement datum	ready for release	input gene length	A sequence length measurement datum which describes the number of base pairs of a gene of interest undergoing analysis.	Emma Griffiths	1802bp	https://orcid.org/0000-0002-1107-9135|https://orcid.org/0000-0002-9578-0788			GENEPIO	https://github.com/obi-ontology/obi/issues/1579		sequence length measurement datum					
	OBI NTRs - Data	covid-19	GENEPIO:0100613	OBI:0002892	Updated	OBI:0002892	input protein sequence length measurement datum	input protein sequence length measurement datum		input protein length	A sequence length measurement datum which describes the number of positions of a protein undergoing analysis.	Emma Griffiths	638bp	https://orcid.org/0000-0002-1107-9135|https://orcid.org/0000-0002-9578-0788			GENEPIO	https://github.com/obi-ontology/obi/issues/1579		sequence length measurement datum					